{"Bpsurgery_time_v2": 0.0068170414202207855, "Bpsurgery_yon_type": 0.004085779233349721, "Status_Explor_v1": -0.0010367934513105478, "equInjTbpiAgeClasY_v1": 0.014563301292455477, "lstInjSkuBra_v2": 0.001448270971366352, "lstInjTpbiSide": 0.0013554007480222241, "lstInjUppLimScaGirSide_v2": 0.0012785361603597956, "mulInjTbpiCauseSide[Motorcycle]_v1": 0.008425798134856331, "mulPexDiagnosis_v1": 0.017016760008961594, "mulTransfSite[Donator_Ac]_v2": 0.006142126454064077, "mulTransfSite[Donator_I]_v2": 0.0018097613040624432, "mulTransfSite[Donator_Ph]_v2": 0.00010519539463750622, "mulTransfSite[Donator_Ul]_v2": 0.0019687295164199773, "mulTransfSite[Receptor_Mc]_v2": 0.0007926291780520933, "mulTransfSite[Receptor_Ss]_v2": 0.0007008574393097488, "yonInjOrthesisSide_v2": 0.0007329947581897191, "yonInjPhysio": -0.001110744861494711, "yonPexPainTime1_v2": -9.289625726338383e-05, "yonPexPainTime2_v2": 0.0001817114054666544}