{"Bpsurgery_time_v2": 0.026201994018360462, "Bpsurgery_yon_type": 0.0026886096057922144, "Status_Explor_v1": 0.004771947038343963, "equInjTbpiAgeClasY_v1": 0.008624162952208183, "lstInjSkuBra_v2": 0.001965091777092223, "lstInjTpbiSide": 0.007411492932477587, "lstInjUppLimScaGirSide_v2": 0.006620666563301828, "mulInjTbpiCauseSide[Motorcycle]_v1": -0.002736419566848524, "mulPexDiagnosis_v1": 0.014765441687956739, "mulTransfSite[Donator_Ac]_v2": 0.0025238411546227362, "mulTransfSite[Donator_I]_v2": 0.005340505393366347, "mulTransfSite[Donator_Ph]_v2": 0.0022096734218087014, "mulTransfSite[Donator_Ul]_v2": 0.005957505807721531, "mulTransfSite[Receptor_Mc]_v2": 0.0004485494164225085, "mulTransfSite[Receptor_Ss]_v2": 0.0049987445059457535, "yonInjOrthesisSide_v2": -0.00030467496301452306, "yonInjPhysio": 0.001151070838189017, "yonPexPainTime1_v2": 5.567242358088529e-06, "yonPexPainTime2_v2": 0.000989553949160788}