{"Bpsurgery_time_v2": 0.0240346842948196, "Bpsurgery_yon_type": 0.002238073863386641, "Status_Explor_v1": 0.00042579537808103433, "equInjTbpiAgeClasY_v1": 0.022375851008195165, "lstInjSkuBra_v2": 0.0013248979025005047, "lstInjTpbiSide": -0.0007193183012817849, "lstInjUppLimScaGirSide_v2": -0.0008956120336468694, "mulInjTbpiCauseSide[Motorcycle]_v1": 0.0024616340239686147, "mulPexDiagnosis_v1": 0.026775782865552277, "mulTransfSite[Donator_Ac]_v2": 0.0028192199880762124, "mulTransfSite[Donator_I]_v2": 0.005516576714145828, "mulTransfSite[Donator_Ph]_v2": 0.0022366753213272626, "mulTransfSite[Donator_Ul]_v2": 0.009207072888953628, "mulTransfSite[Receptor_Mc]_v2": 0.0015115088132158915, "mulTransfSite[Receptor_Ss]_v2": 0.0016029099506245695, "yonInjOrthesisSide_v2": 0.00269829001773382, "yonInjPhysio": 5.061950626940994e-05, "yonPexPainTime1_v2": 0.0005393920361578409, "yonPexPainTime2_v2": 0.0012965595274251175}