{"xvalues": [-0.0029457024, -0.0002174065, 2.1473e-06, 8.01625e-05, 0.0009228555, 0.0015023667, 0.0022863458, 0.0022901031, 0.0023044554, 0.0025411042, 0.0047412517, 0.0051511112, 0.0056159904, 0.0060140752, 0.0065935403, 0.0067028099, 0.0087975821, 0.0148041728, 0.0265524673], "yvalues": [0.6, 0.5777777777777777, 0.6222222222222222, 0.6222222222222222, 0.6222222222222222, 0.6, 0.6222222222222222, 0.6888888888888889, 0.6888888888888889, 0.6888888888888889, 0.7333333333333334, 0.6444444444444444, 0.7333333333333334, 0.7333333333333334, 0.7111111111111111, 0.7111111111111111, 0.6666666666666667, 0.6222222222222222, 0.5777777777777777], "class_name": "yonPexPain", "special": 11}