{"xvalues": [-0.007340936, -0.005925773, -0.0056471344, -0.0051329156, -0.0039803084, -0.0023934616, -0.0012500513, -0.0009163928, -0.0008680416, -0.0006466809, 9.43995e-05, 0.0002641207, 0.0003622837, 0.000852832, 0.0042871535, 0.0094877264], "yvalues": [0.6896551724137931, 0.7241379310344828, 0.7241379310344828, 0.7241379310344828, 0.7241379310344828, 0.7241379310344828, 0.7241379310344828, 0.6551724137931034, 0.7241379310344828, 0.7241379310344828, 0.7241379310344828, 0.6896551724137931, 0.8275862068965517, 0.7241379310344828, 0.6551724137931034, 0.7241379310344828], "class_name": "yonPexPain", "special": 15}