{"xvalues": [-0.0052592199, -0.0019513216, -0.0016193566, -0.0014745963, -0.001427986, -0.0014043755, -0.0012935576, -0.0009635938, -0.0009168022, -0.0006734417, 4.73147e-05, 0.0002200787, 0.0011380201, 0.0024010698, 0.00293999, 0.0033681676, 0.0132307886, 0.0174166875, 0.0355534916], "yvalues": [0.75, 0.71875, 0.75, 0.6875, 0.75, 0.75, 0.71875, 0.71875, 0.71875, 0.71875, 0.71875, 0.78125, 0.78125, 0.78125, 0.8125, 0.78125, 0.84375, 0.8125, 0.8125], "class_name": "lstPexMuscstrength_ShoulderExrot", "special": 18}