{"number of trainning instances": 48, "number of selected attributes": 8, "selected attributes": ["Bpsurgery_yon_type", "Status_Explor_v1", "lstInjSkuBra_v2", "mulPexDiagnosis_v1", "mulTransfSite[Donator_I]_v2", "mulTransfSite[Donator_Ul]_v2", "mulTransfSite[Receptor_Ss]_v2", "yonPexPainTime1_v2"], "class attribute": "lstPexMuscstrength_ElbowFlex", "accuracy (%)": 72.91666666666666, "accuracy standard deviation": 0.44439018766044874, "true positive": 35, "false positive": 13, "true negative": 0, "false negative": 0, "satisfactory recovery - precision": 0.7291666666666666, "satisfactory recovery - recall": 1.0, "satisfactory recovery - specificity": 0.0, "satisfactory recovery - f-measure": 0.8433734939759037, "unsatisfactory recovery - precision": 0, "unsatisfactory recovery - recall": 0.0, "unsatisfactory recovery - specificity": 1.0, "unsatisfactory recovery - f-measure": 0, "number of initial attributes": 18, "initial attributes, % of missing": {"Bpsurgery_time_v2": 0.0, "Bpsurgery_yon_type": 14.583333333333334, "Status_Explor_v1": 20.833333333333336, "equInjTbpiAgeClasY_v1": 0.0, "lstInjSkuBra_v2": 31.25, "lstInjTpbiSide": 0.0, "lstInjUppLimScaGirSide_v2": 50.0, "mulInjTbpiCauseSide[Motorcycle]_v1": 0.0, "mulPexDiagnosis_v1": 0.0, "mulTransfSite[Donator_Ac]_v2": 14.583333333333334, "mulTransfSite[Donator_I]_v2": 14.583333333333334, "mulTransfSite[Donator_Ph]_v2": 14.583333333333334, "mulTransfSite[Donator_Ul]_v2": 14.583333333333334, "mulTransfSite[Receptor_Ax]_v2": 14.583333333333334, "mulTransfSite[Receptor_Mc]_v2": 14.583333333333334, "mulTransfSite[Receptor_Ss]_v2": 14.583333333333334, "yonInjOrthesisSide_v2": 77.08333333333334, "yonPexPainTime1_v2": 87.5}, "initial attributes, importance": {"Bpsurgery_time_v2": -0.005669685474865611, "Bpsurgery_yon_type": 0.0002656188496306269, "Status_Explor_v1": 0.0002142725162371234, "equInjTbpiAgeClasY_v1": -0.004026893847494431, "lstInjSkuBra_v2": 0.000575793621262101, "lstInjTpbiSide": -0.0001592532165770457, "lstInjUppLimScaGirSide_v2": -0.0001861487499565766, "mulInjTbpiCauseSide[Motorcycle]_v1": -0.0015914926826391573, "mulPexDiagnosis_v1": 0.016630656170124773, "mulTransfSite[Donator_Ac]_v2": -0.0008012231980750777, "mulTransfSite[Donator_I]_v2": 0.00420833823381071, "mulTransfSite[Donator_Ph]_v2": -8.72817110481343e-05, "mulTransfSite[Donator_Ul]_v2": 0.0042532851872789, "mulTransfSite[Receptor_Ax]_v2": -0.0004675254177555924, "mulTransfSite[Receptor_Mc]_v2": -0.0005719376681856981, "mulTransfSite[Receptor_Ss]_v2": 0.0011606195877830515, "yonInjOrthesisSide_v2": -0.00012134815459518164, "yonPexPainTime1_v2": 0.0001295583459033122}}