{"number of trainning instances": 41, "number of selected attributes": 3, "selected attributes": ["lstInjTpbiSide", "mulTransfSite[Donator_Ac]_v2", "mulTransfSite[Donator_Ul]_v2"], "class attribute": "lstPexMuscstrength_ShoulderAbduc", "accuracy (%)": 75.60975609756098, "accuracy standard deviation": 0.4294345576014392, "true positive": 10, "false positive": 4, "true negative": 21, "false negative": 6, "satisfactory recovery - precision": 0.7142857142857143, "satisfactory recovery - recall": 0.625, "satisfactory recovery - specificity": 0.84, "satisfactory recovery - f-measure": 0.6666666666666666, "unsatisfactory recovery - precision": 0.7777777777777778, "unsatisfactory recovery - recall": 0.84, "unsatisfactory recovery - specificity": 0.625, "unsatisfactory recovery - f-measure": 0.8076923076923077, "number of initial attributes": 17, "initial attributes, % of missing": {"Bpsurgery_time_v2": 0.0, "Bpsurgery_yon_type": 17.073170731707318, "Status_Explor_v1": 24.390243902439025, "equInjTbpiAgeClasY_v1": 0.0, "lstInjSkuBra_v2": 21.951219512195124, "lstInjTpbiSide": 0.0, "lstInjUppLimScaGirSide_v2": 43.90243902439025, "mulInjTbpiCauseSide[Motorcycle]_v1": 0.0, "mulPexDiagnosis_v1": 0.0, "mulTransfSite[Donator_Ac]_v2": 17.073170731707318, "mulTransfSite[Donator_I]_v2": 17.073170731707318, "mulTransfSite[Donator_Ph]_v2": 17.073170731707318, "mulTransfSite[Donator_Ul]_v2": 17.073170731707318, "mulTransfSite[Receptor_Ax]_v2": 17.073170731707318, "mulTransfSite[Receptor_Mc]_v2": 17.073170731707318, "mulTransfSite[Receptor_Ss]_v2": 17.073170731707318, "yonInjOrthesisSide_v2": 78.04878048780488}, "initial attributes, importance": {"Bpsurgery_time_v2": -0.005272931366989022, "Bpsurgery_yon_type": 0.002078055084056193, "Status_Explor_v1": -0.00020619390186409347, "equInjTbpiAgeClasY_v1": -0.007469097299225394, "lstInjSkuBra_v2": 0.0005956848611020787, "lstInjTpbiSide": 0.007590516510450171, "lstInjUppLimScaGirSide_v2": 0.0004141637583584774, "mulInjTbpiCauseSide[Motorcycle]_v1": 0.0022807648397648044, "mulPexDiagnosis_v1": 0.005201872580502734, "mulTransfSite[Donator_Ac]_v2": 0.012542803283596604, "mulTransfSite[Donator_I]_v2": 0.003932612550503604, "mulTransfSite[Donator_Ph]_v2": 0.0024231122018735216, "mulTransfSite[Donator_Ul]_v2": 0.019901396791267616, "mulTransfSite[Receptor_Ax]_v2": 0.0054548344713531175, "mulTransfSite[Receptor_Mc]_v2": 0.005231733052851752, "mulTransfSite[Receptor_Ss]_v2": 0.000398049266433741, "yonInjOrthesisSide_v2": -0.0002027956497265157}}