{"number of trainning instances": 39, "number of selected attributes": 5, "selected attributes": ["Bpsurgery_yon_type", "Status_Explor_v1", "equInjTbpiAgeClasY_v1", "mulPexDiagnosis_v1", "mulTransfSite[Receptor_Ax]_v2"], "class attribute": "lstPexMuscstrength_ShoulderExrot", "accuracy (%)": 61.53846153846154, "accuracy standard deviation": 0.4865042554105199, "true positive": 12, "false positive": 10, "true negative": 12, "false negative": 5, "satisfactory recovery - precision": 0.5454545454545454, "satisfactory recovery - recall": 0.7058823529411765, "satisfactory recovery - specificity": 0.5454545454545454, "satisfactory recovery - f-measure": 0.6153846153846153, "unsatisfactory recovery - precision": 0.7058823529411765, "unsatisfactory recovery - recall": 0.5454545454545454, "unsatisfactory recovery - specificity": 0.7058823529411765, "unsatisfactory recovery - f-measure": 0.6153846153846153, "number of initial attributes": 17, "initial attributes, % of missing": {"Bpsurgery_time_v2": 0.0, "Bpsurgery_yon_type": 17.94871794871795, "Status_Explor_v1": 25.64102564102564, "equInjTbpiAgeClasY_v1": 0.0, "lstInjSkuBra_v2": 23.076923076923077, "lstInjTpbiSide": 0.0, "lstInjUppLimScaGirSide_v2": 41.02564102564102, "mulInjTbpiCauseSide[Motorcycle]_v1": 0.0, "mulPexDiagnosis_v1": 0.0, "mulTransfSite[Donator_Ac]_v2": 17.94871794871795, "mulTransfSite[Donator_I]_v2": 17.94871794871795, "mulTransfSite[Donator_Ph]_v2": 17.94871794871795, "mulTransfSite[Donator_Ul]_v2": 17.94871794871795, "mulTransfSite[Receptor_Ax]_v2": 17.94871794871795, "mulTransfSite[Receptor_Mc]_v2": 17.94871794871795, "mulTransfSite[Receptor_Ss]_v2": 17.94871794871795, "yonInjOrthesisSide_v2": 76.92307692307693}, "initial attributes, importance": {"Bpsurgery_time_v2": -0.0067687933066916065, "Bpsurgery_yon_type": 0.007889531449043995, "Status_Explor_v1": 0.004670912503426089, "equInjTbpiAgeClasY_v1": 0.013352691344293035, "lstInjSkuBra_v2": 4.531601594089557e-05, "lstInjTpbiSide": -0.006879655029536817, "lstInjUppLimScaGirSide_v2": 0.00011646744205390856, "mulInjTbpiCauseSide[Motorcycle]_v1": -0.00047764154572792845, "mulPexDiagnosis_v1": 0.0174234238028303, "mulTransfSite[Donator_Ac]_v2": -0.0047698269453375405, "mulTransfSite[Donator_I]_v2": 0.002021956358285471, "mulTransfSite[Donator_Ph]_v2": -0.0024902155941070305, "mulTransfSite[Donator_Ul]_v2": 0.0003448165669766598, "mulTransfSite[Receptor_Ax]_v2": 0.007876198629374706, "mulTransfSite[Receptor_Mc]_v2": 0.0006682629817731303, "mulTransfSite[Receptor_Ss]_v2": -0.00047626489968790724, "yonInjOrthesisSide_v2": 6.114641599309373e-05}}