{"number of trainning instances": 46, "number of selected attributes": 11, "selected attributes": ["Status_Explor_v1", "equInjTbpiAgeClasY_v1", "lstInjSkuBra_v2", "lstInjTpbiSide", "lstInjUppLimScaGirSide_v2", "mulPexDiagnosis_v1", "mulTransfSite[Donator_I]_v2", "mulTransfSite[Donator_Ul]_v2", "mulTransfSite[Receptor_Ax]_v2", "yonInjOrthesisSide_v2", "yonPexPainTime1_v2"], "class attribute": "yonPexPain", "accuracy (%)": 63.04347826086957, "accuracy standard deviation": 0.4826870285037938, "true positive": 0, "false positive": 2, "true negative": 29, "false negative": 15, "satisfactory recovery - precision": 0.0, "satisfactory recovery - recall": 0.0, "satisfactory recovery - specificity": 0.9354838709677419, "satisfactory recovery - f-measure": 0, "unsatisfactory recovery - precision": 0.6590909090909091, "unsatisfactory recovery - recall": 0.9354838709677419, "unsatisfactory recovery - specificity": 0.0, "unsatisfactory recovery - f-measure": 0.7733333333333332, "number of initial attributes": 18, "initial attributes, % of missing": {"Bpsurgery_time_v2": 0.0, "Bpsurgery_yon_type": 15.217391304347828, "Status_Explor_v1": 23.91304347826087, "equInjTbpiAgeClasY_v1": 0.0, "lstInjSkuBra_v2": 23.91304347826087, "lstInjTpbiSide": 0.0, "lstInjUppLimScaGirSide_v2": 47.82608695652174, "mulInjTbpiCauseSide[Motorcycle]_v1": 0.0, "mulPexDiagnosis_v1": 4.3478260869565215, "mulTransfSite[Donator_Ac]_v2": 15.217391304347828, "mulTransfSite[Donator_I]_v2": 15.217391304347828, "mulTransfSite[Donator_Ph]_v2": 15.217391304347828, "mulTransfSite[Donator_Ul]_v2": 15.217391304347828, "mulTransfSite[Receptor_Ax]_v2": 15.217391304347828, "mulTransfSite[Receptor_Mc]_v2": 15.217391304347828, "mulTransfSite[Receptor_Ss]_v2": 15.217391304347828, "yonInjOrthesisSide_v2": 73.91304347826086, "yonPexPainTime1_v2": 76.08695652173914}, "initial attributes, importance": {"Bpsurgery_time_v2": -0.006236543119248927, "Bpsurgery_yon_type": -0.005908932503642205, "Status_Explor_v1": 0.0010020509010935715, "equInjTbpiAgeClasY_v1": 0.002445252595416679, "lstInjSkuBra_v2": -0.0006832613991572227, "lstInjTpbiSide": 0.004320039830678877, "lstInjUppLimScaGirSide_v2": 0.0033590553477051872, "mulInjTbpiCauseSide[Motorcycle]_v1": -0.003086232275436846, "mulPexDiagnosis_v1": -0.0016797586387059793, "mulTransfSite[Donator_Ac]_v2": -0.005393622485631192, "mulTransfSite[Donator_I]_v2": -0.0008802366451787974, "mulTransfSite[Donator_Ph]_v2": -0.002346745969124057, "mulTransfSite[Donator_Ul]_v2": 0.000831482646684313, "mulTransfSite[Receptor_Ax]_v2": -0.0009400179922386221, "mulTransfSite[Receptor_Mc]_v2": -0.0028319397263581562, "mulTransfSite[Receptor_Ss]_v2": -0.006394213992754647, "yonInjOrthesisSide_v2": -0.00036586116742515137, "yonPexPainTime1_v2": 0.00010044000352754457}}