{"Bpsurgery_time_v2": -0.0041610344597747114, "Bpsurgery_yon_type": 0.0012670286455529409, "Status_Explor_v1": -0.0025415224647378216, "equInjTbpiAgeClasY_v1": 0.02044257815103645, "lstInjSkuBra_v2": 0.005175785355749363, "lstInjTpbiSide": 0.004445910817836432, "mulInjTbpiCauseSide[Motorcycle]_v1": -0.0006066786642671466, "mulPexDiagnosis_v1": -0.008387389188828902, "mulTransfSite[Donator_Ac]_v2": 0.024427422207866124, "mulTransfSite[Donator_I]_v2": 0.003023190233748122, "mulTransfSite[Donator_Ph]_v2": -1.5791713452181253e-05, "mulTransfSite[Donator_Ul]_v2": 0.014301139772045595, "mulTransfSite[Receptor_Mc]_v2": -0.0018490660842190537, "mulTransfSite[Receptor_Ss]_v2": 0.009724209004352979, "yonInjOrthesisSide_v2": 0.0003912038105199474}