{"Bpsurgery_time_v2": 0.03361433427600195, "Bpsurgery_yon_type": 0.013549480580074475, "Status_Explor_v1": 0.002291222341612263, "equInjTbpiAgeClasY_v1": 0.03149922396473089, "lstInjSkuBra_v2": 0.0033859748196880747, "lstInjTpbiSide": 0.0016862151379247955, "mulInjTbpiCauseSide[Motorcycle]_v1": -0.0006467182753925409, "mulPexDiagnosis_v1": 0.014313270679197507, "mulTransfSite[Donator_Ac]_v2": 0.03016026098809542, "mulTransfSite[Donator_I]_v2": 0.007954540959939882, "mulTransfSite[Donator_Ph]_v2": 0.005907492494175157, "mulTransfSite[Donator_Ul]_v2": 0.0260524598377028, "mulTransfSite[Receptor_Mc]_v2": 0.003114395435931128, "mulTransfSite[Receptor_Ss]_v2": 0.020471744478943076, "yonInjOrthesisSide_v2": -2.5357565849467473e-05}