{"Bpsurgery_time_v2": -0.006905285609544758, "Bpsurgery_yon_type": 0.005446910617876425, "Status_Explor_v1": -4.5102090692972415e-05, "equInjTbpiAgeClasY_v1": 0.02725854829034192, "lstInjSkuBra_v2": -0.0007898420315936814, "lstInjTpbiSide": -0.0030793841231753654, "mulInjTbpiCauseSide[Motorcycle]_v1": -0.00399253482636806, "mulPexDiagnosis_v1": -0.010176631340398588, "mulTransfSite[Donator_Ac]_v2": 0.000699860027994401, "mulTransfSite[Donator_I]_v2": 0.00013997200559888036, "mulTransfSite[Donator_Ph]_v2": -0.0005398920215956809, "mulTransfSite[Donator_Ul]_v2": -0.0028574285142971404, "mulTransfSite[Receptor_Mc]_v2": -0.003196360727854429, "mulTransfSite[Receptor_Ss]_v2": -0.0011057788442311537, "yonInjOrthesisSide_v2": 0.003269346130773845}