{"Bpsurgery_time_v2": 0.017687881471324808, "Bpsurgery_yon_type": -0.006739578134793208, "Status_Explor_v1": 0.0017594184244383612, "equInjTbpiAgeClasY_v1": 0.012080593405128504, "lstInjSkuBra_v2": 0.000748710762049271, "lstInjTpbiSide": -0.0009086468420601597, "mulInjTbpiCauseSide[Motorcycle]_v1": -0.005163062625570122, "mulPexDiagnosis_v1": 0.02970373992428406, "mulTransfSite[Donator_Ac]_v2": 0.0007581671340801869, "mulTransfSite[Donator_I]_v2": 0.003750722124482664, "mulTransfSite[Donator_Ph]_v2": 0.0013773531008084098, "mulTransfSite[Donator_Ul]_v2": 0.008684418858525219, "mulTransfSite[Receptor_Mc]_v2": -0.0033569409367426224, "mulTransfSite[Receptor_Ss]_v2": 0.0074297947133262435, "yonInjOrthesisSide_v2": -0.00033121947039163607}