{"xvalues": [-0.0077319284, -0.0063791337, -0.0062120057, -0.0048811534, -0.0026140542, -0.0024008458, -0.0024005626, -0.0015302446, 8.70598e-05, 0.0028385858, 0.0033405722, 0.0050645337, 0.0100362468, 0.0104931938, 0.0436109017], "yvalues": [0.6296296296296297, 0.5925925925925926, 0.6296296296296297, 0.6666666666666667, 0.6666666666666667, 0.6666666666666667, 0.6666666666666667, 0.6296296296296297, 0.6296296296296297, 0.6296296296296297, 0.6296296296296297, 0.7037037037037037, 0.5555555555555556, 0.6666666666666667, 0.7777777777777778], "class_name": "lstPexMuscstrength_ShoulderExrot", "special": 11}