{"xvalues": [-0.0029597888, -0.0025982203, -0.0004565439, -0.0001627997, -6.06017e-05, 0.0020762439, 0.0025616145, 0.0027200053, 0.0028404034, 0.0031158021, 0.0046067667, 0.0048213582, 0.0054128062, 0.0059550422, 0.0125761469, 0.0129143852], "yvalues": [0.6176470588235294, 0.6176470588235294, 0.5882352941176471, 0.6764705882352942, 0.6470588235294117, 0.6176470588235294, 0.6764705882352942, 0.5882352941176471, 0.6176470588235294, 0.5882352941176471, 0.5882352941176471, 0.6470588235294117, 0.6470588235294117, 0.8235294117647058, 0.6764705882352942, 0.6470588235294117], "class_name": "lstPexMuscstrength_ShoulderAbduc", "special": 14}