{"Bpsurgery_time_v2": 0.0006522260241495577, "Bpsurgery_yon_type": -0.0006159688462282493, "Status_Explor_v1": 0.003321374616544981, "equInjTbpiAgeClasY_v1": 0.0025583461855486563, "lstInjSkuBra_v2": 0.002333349291308018, "lstInjTpbiSide": 0.0015720074872746961, "lstInjUppLimScaGirSide_v2": 0.006685527341437434, "mulInjTbpiCauseSide[Motorcycle]_v1": -0.0016659499415679151, "mulPexDiagnosis_v1": -0.0008460117255560464, "mulTransfSite[Donator_Ac]_v2": -0.0017746086335042955, "mulTransfSite[Donator_I]_v2": 0.0007727748706158758, "mulTransfSite[Donator_Ph]_v2": -0.00032126453458191485, "mulTransfSite[Donator_Ul]_v2": 0.0011080185683322128, "mulTransfSite[Receptor_Ax]_v2": 0.0007041346334839922, "mulTransfSite[Receptor_Mc]_v2": -0.0015825580803548853, "mulTransfSite[Receptor_Ss]_v2": -0.0016697967240190633, "yonInjOrthesisSide_v2": -2.1061676859362213e-05, "yonInjPhysio": -0.0004169550501413899, "yonPexPainTime1_v2": -9.353638396524668e-05}