{"Bpsurgery_time_v2": -0.004008488492459535, "Bpsurgery_yon_type": 0.0039230639106896175, "Status_Explor_v1": -0.0014183762377360848, "equInjTbpiAgeClasY_v1": -0.006127775227356941, "lstInjSkuBra_v2": 0.0020429398842847428, "lstInjTpbiSide": 0.01298303593169401, "lstInjUppLimScaGirSide_v2": -0.0009687361618730297, "mulInjTbpiCauseSide[Motorcycle]_v1": 0.0042971794517029736, "mulPexDiagnosis_v1": 0.011367736707597262, "mulTransfSite[Donator_Ac]_v2": 0.010715301201844966, "mulTransfSite[Donator_I]_v2": 0.00783208714986351, "mulTransfSite[Donator_Ph]_v2": 0.0005328999059100236, "mulTransfSite[Donator_Ul]_v2": 0.00673302515672527, "mulTransfSite[Receptor_Ax]_v2": 0.006622569403431712, "mulTransfSite[Receptor_Mc]_v2": 0.004857789861828384, "mulTransfSite[Receptor_Ss]_v2": 0.0006125792031482753, "yonInjOrthesisSide_v2": -0.00010806363103728647, "yonInjPhysio": -0.00023467577319015827, "yonPexPainTime1_v2": -6.77076154701303e-05}