{"Bpsurgery_time_v2": -0.004004271134087585, "Bpsurgery_yon_type": 0.0020979869143908743, "Status_Explor_v1": 0.0008366328837407451, "equInjTbpiAgeClasY_v1": 0.010336979341488221, "lstInjSkuBra_v2": -0.0004924101095811963, "lstInjTpbiSide": -0.004772720366989426, "lstInjUppLimScaGirSide_v2": 0.001415350363399364, "mulInjTbpiCauseSide[Motorcycle]_v1": 0.005506843878769212, "mulPexDiagnosis_v1": 0.018735579816852328, "mulTransfSite[Donator_Ac]_v2": -0.0015117154406856148, "mulTransfSite[Donator_I]_v2": 0.0048658724078724045, "mulTransfSite[Donator_Ph]_v2": -0.002336924616191327, "mulTransfSite[Donator_Ul]_v2": 0.0053515370563247166, "mulTransfSite[Receptor_Ax]_v2": 0.007578908010939656, "mulTransfSite[Receptor_Mc]_v2": 0.00254840691606309, "mulTransfSite[Receptor_Ss]_v2": -0.0023959488006407917, "yonInjOrthesisSide_v2": 0.0002743113413720842, "yonInjPhysio": -3.363551611286258e-05, "yonPexPainTime1_v2": -7.320364133409137e-05}