{"Bpsurgery_time_v2": -0.004215940052763682, "Bpsurgery_yon_type": -0.0013841645123322682, "Status_Explor_v1": 0.008347735582606885, "equInjTbpiAgeClasY_v1": -0.0009211752643756516, "lstInjSkuBra_v2": 0.0014900587948442, "lstInjTpbiSide": -0.0038473172451358516, "lstInjUppLimScaGirSide_v2": 0.0003771823690181258, "mulInjTbpiCauseSide[Motorcycle]_v1": 0.001135022847002585, "mulPexDiagnosis_v1": 0.020826031331334486, "mulTransfSite[Donator_Ac]_v2": 0.000978973317684775, "mulTransfSite[Donator_I]_v2": 0.005276140625876673, "mulTransfSite[Donator_Ph]_v2": -0.0008192133761750572, "mulTransfSite[Donator_Ul]_v2": 0.004142287254435755, "mulTransfSite[Receptor_Ax]_v2": -0.0008732211511700893, "mulTransfSite[Receptor_Mc]_v2": -0.0006435811398679385, "mulTransfSite[Receptor_Ss]_v2": -0.0014881339380791577, "yonInjOrthesisSide_v2": 0.00014377504356087348, "yonInjPhysio": 0.0001984372501523325, "yonPexPainTime1_v2": -1.3855896857497441e-05}