{"xvalues": [-0.0084564406, -0.0042154252, -0.0040211874, -0.0028687163, -0.0028599687, -0.0027394908, -0.0021888545, -0.0017661498, -0.0015127331, -0.0013909692, -0.0004939287, 5.309e-06, 0.0044443222, 0.0045514242, 0.0104755236, 0.0154935427], "yvalues": [0.6176470588235294, 0.5882352941176471, 0.5588235294117647, 0.5294117647058824, 0.5588235294117647, 0.5588235294117647, 0.5588235294117647, 0.5588235294117647, 0.6176470588235294, 0.6176470588235294, 0.6470588235294117, 0.6470588235294117, 0.7647058823529411, 0.8235294117647058, 0.6176470588235294, 0.6764705882352942], "class_name": "lstPexMuscstrength_ShoulderExrot", "special": 12}