{"xvalues": [-0.0012623726, -0.0010001212, -0.0001000522, -9.8324e-05, 0.0001791277, 0.0006234684, 0.0006584811, 0.0007048289, 0.0011140362, 0.0013404173, 0.0013509222, 0.0017723257, 0.0020778715, 0.0038553954, 0.0062617698, 0.0064392642, 0.0078227941, 0.0150173633, 0.0170522322], "yvalues": [0.7567567567567568, 0.7567567567567568, 0.7837837837837838, 0.7837837837837838, 0.7837837837837838, 0.7837837837837838, 0.7837837837837838, 0.7837837837837838, 0.7837837837837838, 0.7567567567567568, 0.7567567567567568, 0.7297297297297297, 0.7297297297297297, 0.7297297297297297, 0.7567567567567568, 0.7567567567567568, 0.7567567567567568, 0.7567567567567568, 0.6486486486486487], "class_name": "lstPexMuscstrength_ShoulderAbduc", "special": 17}