{"number of trainning instances": 59, "number of selected attributes": 4, "selected attributes": ["lstInjTpbiSide", "mulPexDiagnosis_v1", "mulTransfSite[Donator_Ac]_v2", "mulTransfSite[Donator_Ul]_v2"], "class attribute": "lstPexMuscstrength_ShoulderAbduc", "accuracy (%)": 69.49152542372882, "accuracy standard deviation": 0.4604433121086822, "true positive": 8, "false positive": 5, "true negative": 33, "false negative": 13, "satisfactory recovery - precision": 0.6153846153846154, "satisfactory recovery - recall": 0.38095238095238093, "satisfactory recovery - specificity": 0.868421052631579, "satisfactory recovery - f-measure": 0.47058823529411764, "unsatisfactory recovery - precision": 0.717391304347826, "unsatisfactory recovery - recall": 0.868421052631579, "unsatisfactory recovery - specificity": 0.38095238095238093, "unsatisfactory recovery - f-measure": 0.7857142857142858, "number of initial attributes": 19, "initial attributes, % of missing": {"Bpsurgery_time_v2": 0.0, "Bpsurgery_yon_type": 25.423728813559322, "Status_Explor_v1": 32.20338983050847, "equInjTbpiAgeClasY_v1": 0.0, "lstInjSkuBra_v2": 28.8135593220339, "lstInjTpbiSide": 0.0, "lstInjUppLimScaGirSide_v2": 42.3728813559322, "mulInjTbpiCauseSide[Motorcycle]_v1": 0.0, "mulPexDiagnosis_v1": 1.694915254237288, "mulTransfSite[Donator_Ac]_v2": 25.423728813559322, "mulTransfSite[Donator_I]_v2": 25.423728813559322, "mulTransfSite[Donator_Ph]_v2": 25.423728813559322, "mulTransfSite[Donator_Ul]_v2": 25.423728813559322, "mulTransfSite[Receptor_Ax]_v2": 25.423728813559322, "mulTransfSite[Receptor_Mc]_v2": 25.423728813559322, "mulTransfSite[Receptor_Ss]_v2": 25.423728813559322, "yonInjOrthesisSide_v2": 74.57627118644068, "yonInjPhysio": 74.57627118644068, "yonPexPainTime1_v2": 84.7457627118644}, "initial attributes, importance": {"Bpsurgery_time_v2": 0.00019395837074674444, "Bpsurgery_yon_type": 0.0008487249221311497, "Status_Explor_v1": -0.0013888881174748816, "equInjTbpiAgeClasY_v1": -0.0034785209050588973, "lstInjSkuBra_v2": 0.0019940166292751684, "lstInjTpbiSide": 0.008871966781968195, "lstInjUppLimScaGirSide_v2": -0.0009150921182243888, "mulInjTbpiCauseSide[Motorcycle]_v1": -0.0011359428722243, "mulPexDiagnosis_v1": 0.009625576247589503, "mulTransfSite[Donator_Ac]_v2": 0.00885612834650446, "mulTransfSite[Donator_I]_v2": 0.007420615041761705, "mulTransfSite[Donator_Ph]_v2": 0.0005594096024585964, "mulTransfSite[Donator_Ul]_v2": 0.008419603517667863, "mulTransfSite[Receptor_Ax]_v2": 0.00746089434165439, "mulTransfSite[Receptor_Mc]_v2": 0.00333480233746849, "mulTransfSite[Receptor_Ss]_v2": 7.406221754675665e-05, "yonInjOrthesisSide_v2": -0.00013672448577979292, "yonInjPhysio": -0.00034456347170120657, "yonPexPainTime1_v2": -9.315179650092571e-05}}