{"number of trainning instances": 74, "number of selected attributes": 5, "selected attributes": ["Status_Explor_v1", "lstInjUppLimScaGirSide_v2", "mulInjTbpiCauseSide[Motorcycle]_v1", "mulPexDiagnosis_v1", "mulTransfSite[Donator_Ul]_v2"], "class attribute": "lstPexMuscstrength_ElbowFlex", "accuracy (%)": 60.810810810810814, "accuracy standard deviation": 0.48817275319428227, "true positive": 22, "false positive": 9, "true negative": 23, "false negative": 20, "satisfactory recovery - precision": 0.7096774193548387, "satisfactory recovery - recall": 0.5238095238095238, "satisfactory recovery - specificity": 0.71875, "satisfactory recovery - f-measure": 0.6027397260273972, "unsatisfactory recovery - precision": 0.5348837209302325, "unsatisfactory recovery - recall": 0.71875, "unsatisfactory recovery - specificity": 0.5238095238095238, "unsatisfactory recovery - f-measure": 0.6133333333333333, "number of initial attributes": 19, "initial attributes, % of missing": {"Bpsurgery_time_v2": 0.0, "Bpsurgery_yon_type": 20.27027027027027, "Status_Explor_v1": 25.675675675675674, "equInjTbpiAgeClasY_v1": 0.0, "lstInjSkuBra_v2": 37.83783783783784, "lstInjTpbiSide": 0.0, "lstInjUppLimScaGirSide_v2": 47.2972972972973, "mulInjTbpiCauseSide[Motorcycle]_v1": 0.0, "mulPexDiagnosis_v1": 1.3513513513513513, "mulTransfSite[Donator_Ac]_v2": 20.27027027027027, "mulTransfSite[Donator_I]_v2": 20.27027027027027, "mulTransfSite[Donator_Ph]_v2": 20.27027027027027, "mulTransfSite[Donator_Ul]_v2": 20.27027027027027, "mulTransfSite[Receptor_Ax]_v2": 20.27027027027027, "mulTransfSite[Receptor_Mc]_v2": 20.27027027027027, "mulTransfSite[Receptor_Ss]_v2": 20.27027027027027, "yonInjOrthesisSide_v2": 74.32432432432432, "yonInjPhysio": 72.97297297297297, "yonPexPainTime1_v2": 85.13513513513513}, "initial attributes, importance": {"Bpsurgery_time_v2": -0.003162805750375487, "Bpsurgery_yon_type": -0.0014582148650455957, "Status_Explor_v1": 0.0033460893294925665, "equInjTbpiAgeClasY_v1": -0.0039687079195931075, "lstInjSkuBra_v2": -0.0007737401692155904, "lstInjTpbiSide": -0.0033670125286149512, "lstInjUppLimScaGirSide_v2": 0.0007412668744874853, "mulInjTbpiCauseSide[Motorcycle]_v1": 0.0026862334452251203, "mulPexDiagnosis_v1": 0.024432273687385514, "mulTransfSite[Donator_Ac]_v2": -0.0008550793066167011, "mulTransfSite[Donator_I]_v2": 0.0006335235124070829, "mulTransfSite[Donator_Ph]_v2": -0.00139988090570704, "mulTransfSite[Donator_Ul]_v2": 0.0032409288064826525, "mulTransfSite[Receptor_Ax]_v2": 0.000592249446100817, "mulTransfSite[Receptor_Mc]_v2": -0.0008904876242269122, "mulTransfSite[Receptor_Ss]_v2": -0.0020752876060200435, "yonInjOrthesisSide_v2": 0.00024573188549081935, "yonInjPhysio": 0.00027231845833881104, "yonPexPainTime1_v2": 3.0086134950402483e-05}}