{"number of trainning instances": 53, "number of selected attributes": 5, "selected attributes": ["Bpsurgery_time_v2", "Bpsurgery_yon_type", "mulInjTbpiCauseSide[Motorcycle]_v1", "mulPexDiagnosis_v1", "mulTransfSite[Receptor_Mc]_v2"], "class attribute": "lstPexMuscstrength_ShoulderExrot", "accuracy (%)": 62.264150943396224, "accuracy standard deviation": 0.48472575768547654, "true positive": 4, "false positive": 5, "true negative": 29, "false negative": 15, "satisfactory recovery - precision": 0.4444444444444444, "satisfactory recovery - recall": 0.21052631578947367, "satisfactory recovery - specificity": 0.8529411764705882, "satisfactory recovery - f-measure": 0.2857142857142857, "unsatisfactory recovery - precision": 0.6590909090909091, "unsatisfactory recovery - recall": 0.8529411764705882, "unsatisfactory recovery - specificity": 0.21052631578947367, "unsatisfactory recovery - f-measure": 0.7435897435897436, "number of initial attributes": 19, "initial attributes, % of missing": {"Bpsurgery_time_v2": 0.0, "Bpsurgery_yon_type": 22.641509433962266, "Status_Explor_v1": 30.18867924528302, "equInjTbpiAgeClasY_v1": 0.0, "lstInjSkuBra_v2": 26.41509433962264, "lstInjTpbiSide": 0.0, "lstInjUppLimScaGirSide_v2": 39.62264150943396, "mulInjTbpiCauseSide[Motorcycle]_v1": 0.0, "mulPexDiagnosis_v1": 1.8867924528301887, "mulTransfSite[Donator_Ac]_v2": 22.641509433962266, "mulTransfSite[Donator_I]_v2": 22.641509433962266, "mulTransfSite[Donator_Ph]_v2": 22.641509433962266, "mulTransfSite[Donator_Ul]_v2": 22.641509433962266, "mulTransfSite[Receptor_Ax]_v2": 22.641509433962266, "mulTransfSite[Receptor_Mc]_v2": 22.641509433962266, "mulTransfSite[Receptor_Ss]_v2": 22.641509433962266, "yonInjOrthesisSide_v2": 71.69811320754717, "yonInjPhysio": 73.58490566037736, "yonPexPainTime1_v2": 84.90566037735849}, "initial attributes, importance": {"Bpsurgery_time_v2": 0.0056646152276342, "Bpsurgery_yon_type": 0.0032332515347935683, "Status_Explor_v1": 0.001811478859302131, "equInjTbpiAgeClasY_v1": -0.0018355790274561315, "lstInjSkuBra_v2": -0.0008863363410892713, "lstInjTpbiSide": -0.0027271221960380094, "lstInjUppLimScaGirSide_v2": -0.002042735828352884, "mulInjTbpiCauseSide[Motorcycle]_v1": 0.007228235088964502, "mulPexDiagnosis_v1": 0.007475022584582461, "mulTransfSite[Donator_Ac]_v2": 0.0004115697119814563, "mulTransfSite[Donator_I]_v2": -0.0008226628606595429, "mulTransfSite[Donator_Ph]_v2": 0.001214901915235574, "mulTransfSite[Donator_Ul]_v2": 0.002102704369023937, "mulTransfSite[Receptor_Ax]_v2": 0.002650851461094585, "mulTransfSite[Receptor_Mc]_v2": 0.003105612206253068, "mulTransfSite[Receptor_Ss]_v2": -0.0026190650110580454, "yonInjOrthesisSide_v2": -0.0001886155732355942, "yonInjPhysio": -0.000138980938576861, "yonPexPainTime1_v2": -0.00011707335944728083}}