{"number of trainning instances": 67, "number of selected attributes": 8, "selected attributes": ["Bpsurgery_time_v2", "Status_Explor_v1", "equInjTbpiAgeClasY_v1", "lstInjSkuBra_v2", "lstInjUppLimScaGirSide_v2", "mulPexDiagnosis_v1", "mulTransfSite[Donator_I]_v2", "mulTransfSite[Donator_Ul]_v2"], "class attribute": "yonPexPain", "accuracy (%)": 68.65671641791045, "accuracy standard deviation": 0.46388866471403145, "true positive": 1, "false positive": 1, "true negative": 45, "false negative": 20, "satisfactory recovery - precision": 0.5, "satisfactory recovery - recall": 0.047619047619047616, "satisfactory recovery - specificity": 0.9782608695652174, "satisfactory recovery - f-measure": 0.08695652173913042, "unsatisfactory recovery - precision": 0.6923076923076923, "unsatisfactory recovery - recall": 0.9782608695652174, "unsatisfactory recovery - specificity": 0.047619047619047616, "unsatisfactory recovery - f-measure": 0.8108108108108107, "number of initial attributes": 19, "initial attributes, % of missing": {"Bpsurgery_time_v2": 1.4925373134328357, "Bpsurgery_yon_type": 22.388059701492537, "Status_Explor_v1": 31.343283582089555, "equInjTbpiAgeClasY_v1": 0.0, "lstInjSkuBra_v2": 26.865671641791046, "lstInjTpbiSide": 0.0, "lstInjUppLimScaGirSide_v2": 49.25373134328358, "mulInjTbpiCauseSide[Motorcycle]_v1": 0.0, "mulPexDiagnosis_v1": 4.477611940298507, "mulTransfSite[Donator_Ac]_v2": 22.388059701492537, "mulTransfSite[Donator_I]_v2": 22.388059701492537, "mulTransfSite[Donator_Ph]_v2": 22.388059701492537, "mulTransfSite[Donator_Ul]_v2": 22.388059701492537, "mulTransfSite[Receptor_Ax]_v2": 22.388059701492537, "mulTransfSite[Receptor_Mc]_v2": 22.388059701492537, "mulTransfSite[Receptor_Ss]_v2": 22.388059701492537, "yonInjOrthesisSide_v2": 68.65671641791045, "yonInjPhysio": 70.1492537313433, "yonPexPainTime1_v2": 77.61194029850746}, "initial attributes, importance": {"Bpsurgery_time_v2": 0.002371150192796594, "Bpsurgery_yon_type": 0.00011493679312789322, "Status_Explor_v1": 0.0036469590116261085, "equInjTbpiAgeClasY_v1": 0.00119981878141712, "lstInjSkuBra_v2": 0.002071922906117475, "lstInjTpbiSide": -0.00016486693918131023, "lstInjUppLimScaGirSide_v2": 0.006481859488248073, "mulInjTbpiCauseSide[Motorcycle]_v1": -0.00141519791267022, "mulPexDiagnosis_v1": 0.0020903979513745975, "mulTransfSite[Donator_Ac]_v2": -0.000578285721624314, "mulTransfSite[Donator_I]_v2": 0.0014254887166102832, "mulTransfSite[Donator_Ph]_v2": 0.0001245681696468572, "mulTransfSite[Donator_Ul]_v2": 0.001920949518272193, "mulTransfSite[Receptor_Ax]_v2": 0.0008268935150989268, "mulTransfSite[Receptor_Mc]_v2": -0.0006405069712976668, "mulTransfSite[Receptor_Ss]_v2": -0.0011256398943815821, "yonInjOrthesisSide_v2": 5.461047266078728e-05, "yonInjPhysio": -0.00036941410500758296, "yonPexPainTime1_v2": -3.980155503607484e-06}}