{"number of trainning instances": 83, "number of selected attributes": 5, "selected attributes": ["Status_Explor_v1", "lstInjTpbiSide", "lstInjUppLimScaGirSide_v2", "mulTransfSite[Donator_I]_v2", "mulTransfSite[Donator_Ul]_v2"], "class attribute": "yonPexPain", "accuracy (%)": 73.49397590361446, "accuracy standard deviation": 0.4413652791328723, "true positive": 13, "false positive": 6, "true negative": 48, "false negative": 16, "satisfactory recovery - precision": 0.6842105263157895, "satisfactory recovery - recall": 0.4482758620689655, "satisfactory recovery - specificity": 0.8888888888888888, "satisfactory recovery - f-measure": 0.5416666666666666, "unsatisfactory recovery - precision": 0.75, "unsatisfactory recovery - recall": 0.8888888888888888, "unsatisfactory recovery - specificity": 0.4482758620689655, "unsatisfactory recovery - f-measure": 0.8135593220338982, "number of initial attributes": 20, "initial attributes, % of missing": {"Bpsurgery_time_v2": 1.2048192771084338, "Bpsurgery_yon_type": 27.710843373493976, "Status_Explor_v1": 36.144578313253014, "equInjTbpiAgeClasY_v1": 0.0, "lstInjSkuBra_v2": 31.32530120481928, "lstInjTpbiSide": 0.0, "lstInjUppLimScaGirSide_v2": 48.19277108433735, "mulInjTbpiCauseSide[Motorcycle]_v1": 0.0, "mulPexDiagnosis_v1": 4.819277108433735, "mulTransfSite[Donator_Ac]_v2": 27.710843373493976, "mulTransfSite[Donator_I]_v2": 27.710843373493976, "mulTransfSite[Donator_Ph]_v2": 27.710843373493976, "mulTransfSite[Donator_Ul]_v2": 27.710843373493976, "mulTransfSite[Receptor_Ax]_v2": 27.710843373493976, "mulTransfSite[Receptor_Mc]_v2": 27.710843373493976, "mulTransfSite[Receptor_Ss]_v2": 27.710843373493976, "yonInjOrthesisSide_v2": 67.46987951807229, "yonInjPhysio": 67.46987951807229, "yonPexPainTime1_v2": 79.51807228915662, "yonPexPainTime2_v2": 71.08433734939759}, "initial attributes, importance": {"Bpsurgery_time_v2": 0.0005367121594067571, "Bpsurgery_yon_type": 0.0033838871797193986, "Status_Explor_v1": 0.004446953785251445, "equInjTbpiAgeClasY_v1": 0.0031764762311803675, "lstInjSkuBra_v2": 0.0009804185121777458, "lstInjTpbiSide": 0.005322160402538373, "lstInjUppLimScaGirSide_v2": 0.005682029416085197, "mulInjTbpiCauseSide[Motorcycle]_v1": -0.0021341684373152787, "mulPexDiagnosis_v1": 0.0010012115808819572, "mulTransfSite[Donator_Ac]_v2": 0.0014298662772200522, "mulTransfSite[Donator_I]_v2": 0.0053064217693222036, "mulTransfSite[Donator_Ph]_v2": 0.0020322414190316667, "mulTransfSite[Donator_Ul]_v2": 0.00583179053050414, "mulTransfSite[Receptor_Ax]_v2": 0.003038666559544018, "mulTransfSite[Receptor_Mc]_v2": 0.0020034542394153487, "mulTransfSite[Receptor_Ss]_v2": 0.0014619464314862584, "yonInjOrthesisSide_v2": -0.00019973784710731665, "yonInjPhysio": -0.0005236484553110311, "yonPexPainTime1_v2": -6.212479684138776e-05, "yonPexPainTime2_v2": 0.0007840252437331795}}