{"number of trainning instances": 72, "number of selected attributes": 3, "selected attributes": ["mulPexDiagnosis_v1", "mulTransfSite[Donator_Ac]_v2", "mulTransfSite[Receptor_Ax]_v2"], "class attribute": "lstPexMuscstrength_ShoulderAbduc", "accuracy (%)": 68.05555555555556, "accuracy standard deviation": 0.46626139809984773, "true positive": 6, "false positive": 2, "true negative": 43, "false negative": 21, "satisfactory recovery - precision": 0.75, "satisfactory recovery - recall": 0.2222222222222222, "satisfactory recovery - specificity": 0.9555555555555556, "satisfactory recovery - f-measure": 0.34285714285714286, "unsatisfactory recovery - precision": 0.671875, "unsatisfactory recovery - recall": 0.9555555555555556, "unsatisfactory recovery - specificity": 0.2222222222222222, "unsatisfactory recovery - f-measure": 0.7889908256880733, "number of initial attributes": 20, "initial attributes, % of missing": {"Bpsurgery_time_v2": 0.0, "Bpsurgery_yon_type": 31.944444444444443, "Status_Explor_v1": 38.88888888888889, "equInjTbpiAgeClasY_v1": 0.0, "lstInjSkuBra_v2": 31.944444444444443, "lstInjTpbiSide": 0.0, "lstInjUppLimScaGirSide_v2": 41.66666666666667, "mulInjTbpiCauseSide[Motorcycle]_v1": 0.0, "mulPexDiagnosis_v1": 1.3888888888888888, "mulTransfSite[Donator_Ac]_v2": 31.944444444444443, "mulTransfSite[Donator_I]_v2": 31.944444444444443, "mulTransfSite[Donator_Ph]_v2": 31.944444444444443, "mulTransfSite[Donator_Ul]_v2": 31.944444444444443, "mulTransfSite[Receptor_Ax]_v2": 31.944444444444443, "mulTransfSite[Receptor_Mc]_v2": 31.944444444444443, "mulTransfSite[Receptor_Ss]_v2": 31.944444444444443, "yonInjOrthesisSide_v2": 69.44444444444444, "yonInjPhysio": 69.44444444444444, "yonPexPainTime1_v2": 81.94444444444444, "yonPexPainTime2_v2": 73.61111111111111}, "initial attributes, importance": {"Bpsurgery_time_v2": 0.002553904000756146, "Bpsurgery_yon_type": 0.0002413220805482016, "Status_Explor_v1": -0.001807717618791705, "equInjTbpiAgeClasY_v1": 0.0011214998797232938, "lstInjSkuBra_v2": 0.0019292640306399047, "lstInjTpbiSide": 0.0028064361211641285, "lstInjUppLimScaGirSide_v2": -0.0011264718996418259, "mulInjTbpiCauseSide[Motorcycle]_v1": 0.0030847460110612905, "mulPexDiagnosis_v1": 0.010593420051038525, "mulTransfSite[Donator_Ac]_v2": 0.0038060253120364962, "mulTransfSite[Donator_I]_v2": 0.0030392678527077937, "mulTransfSite[Donator_Ph]_v2": 0.000474658071785364, "mulTransfSite[Donator_Ul]_v2": 0.003236735372334809, "mulTransfSite[Receptor_Ax]_v2": 0.004171067182569046, "mulTransfSite[Receptor_Mc]_v2": 0.002146916424507719, "mulTransfSite[Receptor_Ss]_v2": -0.001278810353685175, "yonInjOrthesisSide_v2": 7.912799111872034e-05, "yonInjPhysio": -0.0006696644824950525, "yonPexPainTime1_v2": -0.00024285246934814116, "yonPexPainTime2_v2": -0.00010534516364818812}}