{"number of trainning instances": 67, "number of selected attributes": 8, "selected attributes": ["Bpsurgery_time_v2", "equInjTbpiAgeClasY_v1", "lstInjSkuBra_v2", "mulInjTbpiCauseSide[Motorcycle]_v1", "mulPexDiagnosis_v1", "mulTransfSite[Receptor_Ax]_v2", "mulTransfSite[Receptor_Mc]_v2", "yonInjOrthesisSide_v2"], "class attribute": "lstPexMuscstrength_ShoulderExrot", "accuracy (%)": 67.16417910447761, "accuracy standard deviation": 0.4696159021657395, "true positive": 6, "false positive": 2, "true negative": 39, "false negative": 20, "satisfactory recovery - precision": 0.75, "satisfactory recovery - recall": 0.23076923076923078, "satisfactory recovery - specificity": 0.9512195121951219, "satisfactory recovery - f-measure": 0.3529411764705882, "unsatisfactory recovery - precision": 0.6610169491525424, "unsatisfactory recovery - recall": 0.9512195121951219, "unsatisfactory recovery - specificity": 0.23076923076923078, "unsatisfactory recovery - f-measure": 0.78, "number of initial attributes": 20, "initial attributes, % of missing": {"Bpsurgery_time_v2": 0.0, "Bpsurgery_yon_type": 31.343283582089555, "Status_Explor_v1": 37.3134328358209, "equInjTbpiAgeClasY_v1": 0.0, "lstInjSkuBra_v2": 34.32835820895522, "lstInjTpbiSide": 0.0, "lstInjUppLimScaGirSide_v2": 37.3134328358209, "mulInjTbpiCauseSide[Motorcycle]_v1": 0.0, "mulPexDiagnosis_v1": 1.4925373134328357, "mulTransfSite[Donator_Ac]_v2": 31.343283582089555, "mulTransfSite[Donator_I]_v2": 31.343283582089555, "mulTransfSite[Donator_Ph]_v2": 31.343283582089555, "mulTransfSite[Donator_Ul]_v2": 31.343283582089555, "mulTransfSite[Receptor_Ax]_v2": 31.343283582089555, "mulTransfSite[Receptor_Mc]_v2": 31.343283582089555, "mulTransfSite[Receptor_Ss]_v2": 31.343283582089555, "yonInjOrthesisSide_v2": 67.16417910447761, "yonInjPhysio": 68.65671641791045, "yonPexPainTime1_v2": 82.08955223880598, "yonPexPainTime2_v2": 71.64179104477611}, "initial attributes, importance": {"Bpsurgery_time_v2": 0.0005809069920215129, "Bpsurgery_yon_type": 7.658466836677485e-05, "Status_Explor_v1": -0.0008672133923371239, "equInjTbpiAgeClasY_v1": 0.006720047563159921, "lstInjSkuBra_v2": 0.0002302885592603856, "lstInjTpbiSide": -0.0019069407973590525, "lstInjUppLimScaGirSide_v2": -0.00025262000180618314, "mulInjTbpiCauseSide[Motorcycle]_v1": 0.01548013140512648, "mulPexDiagnosis_v1": 0.0066614066914955005, "mulTransfSite[Donator_Ac]_v2": -6.0904353596701024e-05, "mulTransfSite[Donator_I]_v2": -0.001270759762024197, "mulTransfSite[Donator_Ph]_v2": -0.0010010839549572479, "mulTransfSite[Donator_Ul]_v2": -0.0018162022535555108, "mulTransfSite[Receptor_Ax]_v2": 0.0005959660723058212, "mulTransfSite[Receptor_Mc]_v2": 0.004284899408223879, "mulTransfSite[Receptor_Ss]_v2": -0.002094879351551745, "yonInjOrthesisSide_v2": 0.0005826323761435735, "yonInjPhysio": 0.00021971987711178433, "yonPexPainTime1_v2": -0.00017391599730056016, "yonPexPainTime2_v2": -5.597984344028232e-05}}