{"number of trainning instances": 87, "number of selected attributes": 4, "selected attributes": ["mulInjTbpiCauseSide[Motorcycle]_v1", "mulPexDiagnosis_v1", "mulTransfSite[Donator_Ul]_v2", "mulTransfSite[Receptor_Ax]_v2"], "class attribute": "lstPexMuscstrength_ElbowFlex", "accuracy (%)": 67.81609195402298, "accuracy standard deviation": 0.4671816421356684, "true positive": 27, "false positive": 8, "true negative": 32, "false negative": 20, "satisfactory recovery - precision": 0.7714285714285715, "satisfactory recovery - recall": 0.574468085106383, "satisfactory recovery - specificity": 0.8, "satisfactory recovery - f-measure": 0.6585365853658536, "unsatisfactory recovery - precision": 0.6153846153846154, "unsatisfactory recovery - recall": 0.8, "unsatisfactory recovery - specificity": 0.574468085106383, "unsatisfactory recovery - f-measure": 0.6956521739130435, "number of initial attributes": 20, "initial attributes, % of missing": {"Bpsurgery_time_v2": 0.0, "Bpsurgery_yon_type": 26.436781609195403, "Status_Explor_v1": 32.18390804597701, "equInjTbpiAgeClasY_v1": 0.0, "lstInjSkuBra_v2": 39.08045977011494, "lstInjTpbiSide": 0.0, "lstInjUppLimScaGirSide_v2": 45.97701149425287, "mulInjTbpiCauseSide[Motorcycle]_v1": 0.0, "mulPexDiagnosis_v1": 1.1494252873563218, "mulTransfSite[Donator_Ac]_v2": 26.436781609195403, "mulTransfSite[Donator_I]_v2": 26.436781609195403, "mulTransfSite[Donator_Ph]_v2": 26.436781609195403, "mulTransfSite[Donator_Ul]_v2": 26.436781609195403, "mulTransfSite[Receptor_Ax]_v2": 26.436781609195403, "mulTransfSite[Receptor_Mc]_v2": 26.436781609195403, "mulTransfSite[Receptor_Ss]_v2": 26.436781609195403, "yonInjOrthesisSide_v2": 70.11494252873564, "yonInjPhysio": 70.11494252873564, "yonPexPainTime1_v2": 83.9080459770115, "yonPexPainTime2_v2": 73.5632183908046}, "initial attributes, importance": {"Bpsurgery_time_v2": 0.0016344858810894455, "Bpsurgery_yon_type": 0.00032702922842471464, "Status_Explor_v1": 0.0017271730889550792, "equInjTbpiAgeClasY_v1": -0.00582899189621439, "lstInjSkuBra_v2": -0.0002855850620044735, "lstInjTpbiSide": -2.5211999564330686e-05, "lstInjUppLimScaGirSide_v2": 0.0006180344374392012, "mulInjTbpiCauseSide[Motorcycle]_v1": 0.004691815492213395, "mulPexDiagnosis_v1": 0.029823242545587218, "mulTransfSite[Donator_Ac]_v2": -0.0019322721514074678, "mulTransfSite[Donator_I]_v2": 0.0013808941222066687, "mulTransfSite[Donator_Ph]_v2": 0.0002508058184393848, "mulTransfSite[Donator_Ul]_v2": 0.009305732770881677, "mulTransfSite[Receptor_Ax]_v2": 0.004142406852978242, "mulTransfSite[Receptor_Mc]_v2": 0.0007247442554882049, "mulTransfSite[Receptor_Ss]_v2": 0.0019069820950625086, "yonInjOrthesisSide_v2": 0.00020082981736592215, "yonInjPhysio": 0.00017195908974928356, "yonPexPainTime1_v2": 0.00017131520320450586, "yonPexPainTime2_v2": -2.2313073753335028e-05}}