{"xvalues": [-0.0061239847, -0.0059722053, -0.0058441899, -0.0056848333, -0.0029525729, -0.0028507152, -0.0020604063, -0.0019401782, -0.0010140872, -0.0008925717, -0.0008719334, -0.0003963765, 0.0001604138, 0.0005420411, 0.0009793729, 0.0025004165, 0.003445734, 0.0042058426], "yvalues": [0.6521739130434783, 0.6521739130434783, 0.6521739130434783, 0.6739130434782609, 0.6739130434782609, 0.6521739130434783, 0.6521739130434783, 0.6304347826086957, 0.6086956521739131, 0.6304347826086957, 0.6304347826086957, 0.6304347826086957, 0.6521739130434783, 0.6304347826086957, 0.5869565217391304, 0.6304347826086957, 0.5652173913043479, 0.6739130434782609], "class_name": "yonPexPain", "special": 12}