{"number of trainning instances": 83, "number of selected attributes": 4, "selected attributes": ["Status_Explor_v1", "equInjTbpiAgeClasY_v1", "lstInjTpbiSide", "lstInjUppLimScaGirSide_v2"], "class attribute": "yonPexPain", "accuracy (%)": 69.87951807228916, "accuracy standard deviation": 0.4587815124014403, "true positive": 12, "false positive": 8, "true negative": 46, "false negative": 17, "satisfactory recovery - precision": 0.6, "satisfactory recovery - recall": 0.41379310344827586, "satisfactory recovery - specificity": 0.8518518518518519, "satisfactory recovery - f-measure": 0.4897959183673469, "unsatisfactory recovery - precision": 0.7301587301587301, "unsatisfactory recovery - recall": 0.8518518518518519, "unsatisfactory recovery - specificity": 0.41379310344827586, "unsatisfactory recovery - f-measure": 0.7863247863247863, "number of initial attributes": 20, "initial attributes, % of missing": {"Bpsurgery_time_v2": 1.2048192771084338, "Bpsurgery_yon_type": 27.710843373493976, "Status_Explor_v1": 36.144578313253014, "equInjTbpiAgeClasY_v1": 0.0, "lstInjSkuBra_v2": 31.32530120481928, "lstInjTpbiSide": 0.0, "lstInjUppLimScaGirSide_v2": 48.19277108433735, "mulInjTbpiCauseSide[Motorcycle]_v1": 0.0, "mulPexDiagnosis_v1": 4.819277108433735, "mulTransfSite[Donator_Ac]_v2": 27.710843373493976, "mulTransfSite[Donator_I]_v2": 27.710843373493976, "mulTransfSite[Donator_Ph]_v2": 27.710843373493976, "mulTransfSite[Donator_Ul]_v2": 27.710843373493976, "mulTransfSite[Receptor_Ax]_v2": 27.710843373493976, "mulTransfSite[Receptor_Mc]_v2": 27.710843373493976, "mulTransfSite[Receptor_Ss]_v2": 27.710843373493976, "yonInjOrthesisSide_v2": 67.46987951807229, "yonInjPhysio": 67.46987951807229, "yonPexPainTime1_v2": 79.51807228915662, "yonPexPainTime2_v2": 71.08433734939759}, "initial attributes, importance": {"Bpsurgery_time_v2": -0.00035229716256162205, "Bpsurgery_yon_type": 0.00038992841275020695, "Status_Explor_v1": 0.006005391586495984, "equInjTbpiAgeClasY_v1": 0.008718288759596106, "lstInjSkuBra_v2": 0.0004103705410528801, "lstInjTpbiSide": 0.00500631805118206, "lstInjUppLimScaGirSide_v2": 0.007126660521350751, "mulInjTbpiCauseSide[Motorcycle]_v1": -0.0023297455640186233, "mulPexDiagnosis_v1": -0.0005804948416741601, "mulTransfSite[Donator_Ac]_v2": 0.00013091649686232897, "mulTransfSite[Donator_I]_v2": 0.0031948317630477096, "mulTransfSite[Donator_Ph]_v2": 0.0006139559663440272, "mulTransfSite[Donator_Ul]_v2": 0.003017992509260694, "mulTransfSite[Receptor_Ax]_v2": 0.0018955367571893216, "mulTransfSite[Receptor_Mc]_v2": 2.5285171702561175e-05, "mulTransfSite[Receptor_Ss]_v2": 0.00014656843749510375, "yonInjOrthesisSide_v2": -0.00022640972220124063, "yonInjPhysio": -0.0005408746980176594, "yonPexPainTime1_v2": -4.660498757225767e-05, "yonPexPainTime2_v2": 0.0006090933009677015}}