{"number of trainning instances": 67, "number of selected attributes": 6, "selected attributes": ["equInjTbpiAgeClasY_v1", "mulInjTbpiCauseSide[Motorcycle]_v1", "mulPexDiagnosis_v1", "mulTransfSite[Receptor_Ax]_v2", "mulTransfSite[Receptor_Mc]_v2", "yonInjOrthesisSide_v2"], "class attribute": "lstPexMuscstrength_ShoulderExrot", "accuracy (%)": 59.70149253731343, "accuracy standard deviation": 0.4904978126911936, "true positive": 12, "false positive": 11, "true negative": 28, "false negative": 16, "satisfactory recovery - precision": 0.5217391304347826, "satisfactory recovery - recall": 0.42857142857142855, "satisfactory recovery - specificity": 0.717948717948718, "satisfactory recovery - f-measure": 0.47058823529411764, "unsatisfactory recovery - precision": 0.6363636363636364, "unsatisfactory recovery - recall": 0.717948717948718, "unsatisfactory recovery - specificity": 0.42857142857142855, "unsatisfactory recovery - f-measure": 0.674698795180723, "number of initial attributes": 20, "initial attributes, % of missing": {"Bpsurgery_time_v2": 0.0, "Bpsurgery_yon_type": 31.343283582089555, "Status_Explor_v1": 37.3134328358209, "equInjTbpiAgeClasY_v1": 0.0, "lstInjSkuBra_v2": 34.32835820895522, "lstInjTpbiSide": 0.0, "lstInjUppLimScaGirSide_v2": 37.3134328358209, "mulInjTbpiCauseSide[Motorcycle]_v1": 0.0, "mulPexDiagnosis_v1": 1.4925373134328357, "mulTransfSite[Donator_Ac]_v2": 31.343283582089555, "mulTransfSite[Donator_I]_v2": 31.343283582089555, "mulTransfSite[Donator_Ph]_v2": 31.343283582089555, "mulTransfSite[Donator_Ul]_v2": 31.343283582089555, "mulTransfSite[Receptor_Ax]_v2": 31.343283582089555, "mulTransfSite[Receptor_Mc]_v2": 31.343283582089555, "mulTransfSite[Receptor_Ss]_v2": 31.343283582089555, "yonInjOrthesisSide_v2": 67.16417910447761, "yonInjPhysio": 68.65671641791045, "yonPexPainTime1_v2": 82.08955223880598, "yonPexPainTime2_v2": 71.64179104477611}, "initial attributes, importance": {"Bpsurgery_time_v2": -0.004886559204080902, "Bpsurgery_yon_type": -0.00016746970016751702, "Status_Explor_v1": -0.0016169451358926312, "equInjTbpiAgeClasY_v1": 0.006010703020101287, "lstInjSkuBra_v2": 0.0006916103237210541, "lstInjTpbiSide": -0.004434700157254684, "lstInjUppLimScaGirSide_v2": 0.0006775838127167286, "mulInjTbpiCauseSide[Motorcycle]_v1": 0.013191579937754288, "mulPexDiagnosis_v1": 0.013237365179478483, "mulTransfSite[Donator_Ac]_v2": -0.0022328019740645295, "mulTransfSite[Donator_I]_v2": 0.0013941357828295608, "mulTransfSite[Donator_Ph]_v2": -0.0010527426522860567, "mulTransfSite[Donator_Ul]_v2": 0.00014763856718365043, "mulTransfSite[Receptor_Ax]_v2": 0.0017310707646348926, "mulTransfSite[Receptor_Mc]_v2": 0.0020674496598552215, "mulTransfSite[Receptor_Ss]_v2": -0.0017852301650823639, "yonInjOrthesisSide_v2": 0.0018719798981418376, "yonInjPhysio": 0.00025252020034566633, "yonPexPainTime1_v2": -0.00018601230869166364, "yonPexPainTime2_v2": 0.00045162175312574886}}