{"number of trainning instances": 87, "number of selected attributes": 2, "selected attributes": ["Status_Explor_v1", "mulPexDiagnosis_v1"], "class attribute": "lstPexMuscstrength_ElbowFlex", "accuracy (%)": 66.66666666666666, "accuracy standard deviation": 0.4714045207910317, "true positive": 37, "false positive": 12, "true negative": 21, "false negative": 17, "satisfactory recovery - precision": 0.7551020408163265, "satisfactory recovery - recall": 0.6851851851851852, "satisfactory recovery - specificity": 0.6363636363636364, "satisfactory recovery - f-measure": 0.7184466019417475, "unsatisfactory recovery - precision": 0.5526315789473685, "unsatisfactory recovery - recall": 0.6363636363636364, "unsatisfactory recovery - specificity": 0.6851851851851852, "unsatisfactory recovery - f-measure": 0.5915492957746479, "number of initial attributes": 20, "initial attributes, % of missing": {"Bpsurgery_time_v2": 0.0, "Bpsurgery_yon_type": 26.436781609195403, "Status_Explor_v1": 32.18390804597701, "equInjTbpiAgeClasY_v1": 0.0, "lstInjSkuBra_v2": 39.08045977011494, "lstInjTpbiSide": 0.0, "lstInjUppLimScaGirSide_v2": 45.97701149425287, "mulInjTbpiCauseSide[Motorcycle]_v1": 0.0, "mulPexDiagnosis_v1": 1.1494252873563218, "mulTransfSite[Donator_Ac]_v2": 26.436781609195403, "mulTransfSite[Donator_I]_v2": 26.436781609195403, "mulTransfSite[Donator_Ph]_v2": 26.436781609195403, "mulTransfSite[Donator_Ul]_v2": 26.436781609195403, "mulTransfSite[Receptor_Ax]_v2": 26.436781609195403, "mulTransfSite[Receptor_Mc]_v2": 26.436781609195403, "mulTransfSite[Receptor_Ss]_v2": 26.436781609195403, "yonInjOrthesisSide_v2": 70.11494252873564, "yonInjPhysio": 70.11494252873564, "yonPexPainTime1_v2": 83.9080459770115, "yonPexPainTime2_v2": 73.5632183908046}, "initial attributes, importance": {"Bpsurgery_time_v2": -0.002194720958123191, "Bpsurgery_yon_type": -0.0018864439607384476, "Status_Explor_v1": 0.004885634116213649, "equInjTbpiAgeClasY_v1": 0.00043278509801972725, "lstInjSkuBra_v2": 0.0009423228497960207, "lstInjTpbiSide": -0.0036670715151218294, "lstInjUppLimScaGirSide_v2": -0.00015196980548821813, "mulInjTbpiCauseSide[Motorcycle]_v1": 0.003241147622029551, "mulPexDiagnosis_v1": 0.015566277895634518, "mulTransfSite[Donator_Ac]_v2": 0.0010799656309848401, "mulTransfSite[Donator_I]_v2": 0.004056522406388638, "mulTransfSite[Donator_Ph]_v2": -0.000792853006021427, "mulTransfSite[Donator_Ul]_v2": 0.0025064179194299184, "mulTransfSite[Receptor_Ax]_v2": -0.00020704476480157234, "mulTransfSite[Receptor_Mc]_v2": -0.000575936810058443, "mulTransfSite[Receptor_Ss]_v2": -0.0016334081525902133, "yonInjOrthesisSide_v2": 0.0004431704904383856, "yonInjPhysio": -0.000214130986335689, "yonPexPainTime1_v2": -5.622228506137412e-09, "yonPexPainTime2_v2": 6.772000503861871e-05}}