{"number of trainning instances": 72, "number of selected attributes": 1, "selected attributes": ["mulPexDiagnosis_v1"], "class attribute": "lstPexMuscstrength_ShoulderAbduc", "accuracy (%)": 69.44444444444444, "accuracy standard deviation": 0.46064233199380555, "true positive": 12, "false positive": 5, "true negative": 38, "false negative": 17, "satisfactory recovery - precision": 0.7058823529411765, "satisfactory recovery - recall": 0.41379310344827586, "satisfactory recovery - specificity": 0.8837209302325582, "satisfactory recovery - f-measure": 0.5217391304347826, "unsatisfactory recovery - precision": 0.6909090909090909, "unsatisfactory recovery - recall": 0.8837209302325582, "unsatisfactory recovery - specificity": 0.41379310344827586, "unsatisfactory recovery - f-measure": 0.7755102040816326, "number of initial attributes": 20, "initial attributes, % of missing": {"Bpsurgery_time_v2": 0.0, "Bpsurgery_yon_type": 31.944444444444443, "Status_Explor_v1": 38.88888888888889, "equInjTbpiAgeClasY_v1": 0.0, "lstInjSkuBra_v2": 31.944444444444443, "lstInjTpbiSide": 0.0, "lstInjUppLimScaGirSide_v2": 41.66666666666667, "mulInjTbpiCauseSide[Motorcycle]_v1": 0.0, "mulPexDiagnosis_v1": 1.3888888888888888, "mulTransfSite[Donator_Ac]_v2": 31.944444444444443, "mulTransfSite[Donator_I]_v2": 31.944444444444443, "mulTransfSite[Donator_Ph]_v2": 31.944444444444443, "mulTransfSite[Donator_Ul]_v2": 31.944444444444443, "mulTransfSite[Receptor_Ax]_v2": 31.944444444444443, "mulTransfSite[Receptor_Mc]_v2": 31.944444444444443, "mulTransfSite[Receptor_Ss]_v2": 31.944444444444443, "yonInjOrthesisSide_v2": 69.44444444444444, "yonInjPhysio": 69.44444444444444, "yonPexPainTime1_v2": 81.94444444444444, "yonPexPainTime2_v2": 73.61111111111111}, "initial attributes, importance": {"Bpsurgery_time_v2": -0.001991125342964534, "Bpsurgery_yon_type": 0.00267381099958491, "Status_Explor_v1": -0.0012345450229622904, "equInjTbpiAgeClasY_v1": 0.0040787157048450704, "lstInjSkuBra_v2": 0.002049522659250859, "lstInjTpbiSide": 0.005477848154587969, "lstInjUppLimScaGirSide_v2": -0.0010239758963742096, "mulInjTbpiCauseSide[Motorcycle]_v1": 0.007228231656060173, "mulPexDiagnosis_v1": 0.01081233621572904, "mulTransfSite[Donator_Ac]_v2": 0.005247117052220882, "mulTransfSite[Donator_I]_v2": 0.003173236836913969, "mulTransfSite[Donator_Ph]_v2": -7.132983333770638e-05, "mulTransfSite[Donator_Ul]_v2": 0.003390903159395942, "mulTransfSite[Receptor_Ax]_v2": 0.0038611731736295928, "mulTransfSite[Receptor_Mc]_v2": 0.0037600137261784507, "mulTransfSite[Receptor_Ss]_v2": -0.0008903383141616933, "yonInjOrthesisSide_v2": 0.00011304887008773386, "yonInjPhysio": -0.0007445838211614443, "yonPexPainTime1_v2": -0.00023251826472683277, "yonPexPainTime2_v2": -7.295021310520091e-05}}