{"Bpsurgery_time_v2": -0.0062497242672090005, "Bpsurgery_yon_type": -0.0028335247983083097, "Status_Explor_v1": -0.0016524126598920453, "equInjTbpiAgeClasY_v1": -0.00703292694571683, "lstInjSkuBra_v2": 0.00045892856566965933, "lstInjTpbiSide": 0.0026132008952810108, "lstInjUppLimScaGirSide_v2": 6.122174654799396e-05, "mulInjTbpiCauseSide[Motorcycle]_v1": -0.0014986911337495701, "mulPexDiagnosis_v1": 0.013136409553115395, "mulTransfSite[Donator_Ac]_v2": -0.0031679494773597674, "mulTransfSite[Donator_I]_v2": 0.0030500724891390244, "mulTransfSite[Donator_Ph]_v2": 0.0006445961440578617, "mulTransfSite[Donator_Ul]_v2": 0.0039554788230105765, "mulTransfSite[Receptor_Ax]_v2": -0.00023170447057869654, "mulTransfSite[Receptor_Mc]_v2": -0.00013910222212008076, "mulTransfSite[Receptor_Ss]_v2": -0.00014017161753750263, "yonInjOrthesisSide_v2": -2.893695034605087e-05, "yonPexPainTime1_v2": 6.694378193240183e-05}