{"Bpsurgery_time_v2": -0.0031486875171373558, "Bpsurgery_yon_type": 0.003416514960105166, "Status_Explor_v1": 0.004703133884768143, "equInjTbpiAgeClasY_v1": -0.003945943278223877, "lstInjSkuBra_v2": 0.0004625404396581382, "lstInjTpbiSide": -0.00666752229203268, "lstInjUppLimScaGirSide_v2": -0.00018150844957022183, "mulInjTbpiCauseSide[Motorcycle]_v1": 0.0012483543505986078, "mulPexDiagnosis_v1": 0.0015850969744543965, "mulTransfSite[Donator_Ac]_v2": -0.002366909278319755, "mulTransfSite[Donator_I]_v2": -0.0019424226403283067, "mulTransfSite[Donator_Ph]_v2": -0.0018376845979072133, "mulTransfSite[Donator_Ul]_v2": -0.0025798568996571914, "mulTransfSite[Receptor_Ax]_v2": 0.0011513624032532005, "mulTransfSite[Receptor_Mc]_v2": -0.00417156302680736, "mulTransfSite[Receptor_Ss]_v2": -0.004905505220812292, "yonInjOrthesisSide_v2": -9.988916370445495e-05}