{"Bpsurgery_time_v2": -0.0056848332781322605, "Bpsurgery_yon_type": -0.006123984621151304, "Status_Explor_v1": 0.0009793729144077, "equInjTbpiAgeClasY_v1": 0.0025004165614808177, "lstInjSkuBra_v2": -0.001014087129555212, "lstInjTpbiSide": 0.004205842675725169, "lstInjUppLimScaGirSide_v2": 0.003445734096774221, "mulInjTbpiCauseSide[Motorcycle]_v1": -0.0028507151011817233, "mulPexDiagnosis_v1": -0.0020604062337715606, "mulTransfSite[Donator_Ac]_v2": -0.005844189884247218, "mulTransfSite[Donator_I]_v2": -0.0008925716788640366, "mulTransfSite[Donator_Ph]_v2": -0.0019401781199124982, "mulTransfSite[Donator_Ul]_v2": 0.0005420411931829599, "mulTransfSite[Receptor_Ax]_v2": -0.000871933362763814, "mulTransfSite[Receptor_Mc]_v2": -0.0029525728859608863, "mulTransfSite[Receptor_Ss]_v2": -0.005972205266102367, "yonInjOrthesisSide_v2": -0.00039637643524283075, "yonPexPainTime1_v2": 0.0001604138935382405}