{"Bpsurgery_time_v2": -0.00013519901845177984, "Bpsurgery_yon_type": -0.0007086314983077089, "Status_Explor_v1": -0.0007715074936804191, "equInjTbpiAgeClasY_v1": -0.008472566316103491, "lstInjSkuBra_v2": 0.0005483535206239158, "lstInjTpbiSide": 0.0046820871217815325, "lstInjUppLimScaGirSide_v2": 0.0014985492034013455, "mulInjTbpiCauseSide[Motorcycle]_v1": -0.00040686887597505455, "mulPexDiagnosis_v1": -0.0004022700621380885, "mulTransfSite[Donator_Ac]_v2": 0.010420234004253806, "mulTransfSite[Donator_I]_v2": 0.004062152790670499, "mulTransfSite[Donator_Ph]_v2": 0.002875369369216939, "mulTransfSite[Donator_Ul]_v2": 0.025615093091558815, "mulTransfSite[Receptor_Ax]_v2": 0.006597264750380476, "mulTransfSite[Receptor_Mc]_v2": 0.003508392407919818, "mulTransfSite[Receptor_Ss]_v2": 0.0004697361051114686, "yonInjOrthesisSide_v2": -0.00022430091599184607}