{"xvalues": [-0.0087532577, -0.0086755443, -0.0064130984, -0.0030982122, -0.0025345003, -0.0014374501, -0.0013846797, -0.000226284, 0.0001267746, 0.0002948054, 0.0004963007, 0.0006154605, 0.0008093365, 0.0014755842, 0.0019873848, 0.0067050716, 0.0070015203], "yvalues": [0.6190476190476191, 0.5714285714285714, 0.5714285714285714, 0.47619047619047616, 0.47619047619047616, 0.47619047619047616, 0.47619047619047616, 0.5714285714285714, 0.5238095238095238, 0.6190476190476191, 0.5238095238095238, 0.5238095238095238, 0.5238095238095238, 0.5714285714285714, 0.5238095238095238, 0.6666666666666667, 0.6666666666666667], "class_name": "lstPexMuscstrength_ShoulderExrot", "special": 9}