{"xvalues": [-0.0101766314, -0.0069052857, -0.0039925349, -0.0031963608, -0.0030793842, -0.0028574286, -0.0011057789, -0.0007898421, -0.0005398921, -4.51021e-05, 0.000139972, 0.00069986, 0.0032693461, 0.0054469106, 0.0272585482], "yvalues": [0.8333333333333334, 0.8333333333333334, 0.8333333333333334, 0.8333333333333334, 0.8333333333333334, 0.8333333333333334, 0.8333333333333334, 0.8333333333333334, 0.8333333333333334, 0.8333333333333334, 0.8333333333333334, 0.8333333333333334, 0.8333333333333334, 0.8333333333333334, 0.8333333333333334], "class_name": "lstPexMuscstrength_ShoulderExrot", "special": -1}