{"xvalues": [-0.0076263947, -0.0028184832, -0.0017326568, -0.0007684353, -3.39803e-05, 5.05706e-05, 0.0001749436, 0.0016365837, 0.0024769338, 0.0037636605, 0.004547361, 0.0047720742, 0.0075941103, 0.0106437294, 0.0134166547, 0.0169568712], "yvalues": [0.6176470588235294, 0.6470588235294117, 0.6470588235294117, 0.6176470588235294, 0.6470588235294117, 0.7058823529411764, 0.6764705882352942, 0.7647058823529411, 0.6764705882352942, 0.7352941176470589, 0.7352941176470589, 0.7647058823529411, 0.7058823529411764, 0.5, 0.6470588235294117, 0.6470588235294117], "class_name": "lstPexMuscstrength_ShoulderAbduc", "special": 8}