{"xvalues": [-0.0048721752, 0.0001158349, 0.0003787316, 0.0005740793, 0.0008781651, 0.0018792038, 0.002351587, 0.004307145, 0.0061100898, 0.0061179383, 0.0063646763, 0.0066190044, 0.0073400228, 0.0077264258, 0.0094825372, 0.0191124079, 0.0276228052], "yvalues": [0.71875, 0.6875, 0.71875, 0.6875, 0.71875, 0.71875, 0.75, 0.75, 0.71875, 0.75, 0.6875, 0.625, 0.6875, 0.75, 0.78125, 0.6875, 0.40625], "class_name": "yonPexPain", "special": 13}