{"xvalues": [-0.0068434251, -0.0050205723, -0.0043624009, -0.0042046449, -0.0038896415, -0.0020716197, -0.0013789139, -0.0013766408, -0.0011666418, -0.0004412274, -8.48404e-05, 0.0002063086, 0.0006138948, 0.0008940468, 0.0013030234, 0.003167856, 0.0082199047], "yvalues": [0.7428571428571429, 0.7428571428571429, 0.7428571428571429, 0.7428571428571429, 0.7428571428571429, 0.7428571428571429, 0.7428571428571429, 0.7428571428571429, 0.7428571428571429, 0.7428571428571429, 0.7428571428571429, 0.7142857142857143, 0.7142857142857143, 0.6857142857142857, 0.7428571428571429, 0.7428571428571429, 0.7428571428571429], "class_name": "yonPexPain", "special": 16}