{"xvalues": [-0.0014711542, -0.0007243146, -0.0001670012, 0.0001025115, 0.0004193834, 0.0006814119, 0.0016244899, 0.0019659179, 0.0050643167, 0.0054571244, 0.005874924, 0.0062769922, 0.006658154, 0.0089651555, 0.0093889406, 0.016112498, 0.0163926423], "yvalues": [0.72, 0.6799999999999999, 0.6799999999999999, 0.6799999999999999, 0.72, 0.6799999999999999, 0.6799999999999999, 0.72, 0.8, 0.76, 0.84, 0.8, 0.76, 0.8, 0.6799999999999999, 0.6799999999999999, 0.72], "class_name": "lstPexMuscstrength_ShoulderAbduc", "special": 13}