{"xvalues": [-0.006394214, -0.0062365432, -0.0059089326, -0.0053936225, -0.0030862323, -0.0028319398, -0.002346746, -0.0016797587, -0.000940018, -0.0008802367, -0.0006832614, -0.0003658612, 0.00010044, 0.0008314826, 0.0010020509, 0.0024452525, 0.0033590553, 0.0043200398], "yvalues": [0.6521739130434783, 0.6521739130434783, 0.6739130434782609, 0.6739130434782609, 0.6739130434782609, 0.6739130434782609, 0.6521739130434783, 0.6521739130434783, 0.6304347826086957, 0.6086956521739131, 0.6304347826086957, 0.6304347826086957, 0.6304347826086957, 0.5869565217391304, 0.6086956521739131, 0.6304347826086957, 0.5869565217391304, 0.6739130434782609], "class_name": "yonPexPain", "special": 7}