{"xvalues": [-0.0017746087, -0.0016697968, -0.00166595, -0.0015825581, -0.0008460118, -0.0006159689, -0.0004169551, -0.0003212646, -9.35364e-05, -2.10617e-05, 0.000652226, 0.0007041346, 0.0007727748, 0.0011080185, 0.0015720074, 0.0023333492, 0.0025583461, 0.0033213746, 0.0066855273], "yvalues": [0.7014925373134329, 0.7014925373134329, 0.7014925373134329, 0.7014925373134329, 0.7014925373134329, 0.7164179104477613, 0.7014925373134329, 0.7313432835820896, 0.7164179104477613, 0.7164179104477613, 0.7014925373134329, 0.7014925373134329, 0.7164179104477613, 0.7313432835820896, 0.7761194029850746, 0.7462686567164178, 0.7611940298507462, 0.5970149253731343, 0.6417910447761195], "class_name": "yonPexPain", "special": 15}