{"number of trainning instances": 13, "number of selected attributes": 4, "selected attributes": ["Bpsurgery_time_v2", "equInjTbpiAgeClasY_v1", "mulTransfSite[Donator_Ac]_v2", "mulTransfSite[Donator_Ul]_v2"], "class attribute": "lstPexMuscstrength_ElbowFlex", "accuracy (%)": 76.92307692307693, "accuracy standard deviation": 0.4213250442347432, "true positive": 3, "false positive": 0, "true negative": 7, "false negative": 3, "satisfactory recovery - precision": 1.0, "satisfactory recovery - recall": 0.5, "satisfactory recovery - specificity": 1.0, "satisfactory recovery - f-measure": 0.6666666666666666, "unsatisfactory recovery - precision": 0.7, "unsatisfactory recovery - recall": 1.0, "unsatisfactory recovery - specificity": 0.5, "unsatisfactory recovery - f-measure": 0.8235294117647058, "number of initial attributes": 15, "initial attributes, % of missing": {"Bpsurgery_time_v2": 0.0, "Bpsurgery_yon_type": 23.076923076923077, "Status_Explor_v1": 38.46153846153847, "equInjTbpiAgeClasY_v1": 0.0, "lstInjSkuBra_v2": 23.076923076923077, "lstInjTpbiSide": 0.0, "mulInjTbpiCauseSide[Motorcycle]_v1": 0.0, "mulPexDiagnosis_v1": 0.0, "mulTransfSite[Donator_Ac]_v2": 23.076923076923077, "mulTransfSite[Donator_I]_v2": 23.076923076923077, "mulTransfSite[Donator_Ph]_v2": 23.076923076923077, "mulTransfSite[Donator_Ul]_v2": 23.076923076923077, "mulTransfSite[Receptor_Mc]_v2": 23.076923076923077, "mulTransfSite[Receptor_Ss]_v2": 23.076923076923077, "yonInjOrthesisSide_v2": 61.53846153846154}, "initial attributes, importance": {"Bpsurgery_time_v2": 0.03361433427600195, "Bpsurgery_yon_type": 0.013549480580074475, "Status_Explor_v1": 0.002291222341612263, "equInjTbpiAgeClasY_v1": 0.03149922396473089, "lstInjSkuBra_v2": 0.0033859748196880747, "lstInjTpbiSide": 0.0016862151379247955, "mulInjTbpiCauseSide[Motorcycle]_v1": -0.0006467182753925409, "mulPexDiagnosis_v1": 0.014313270679197507, "mulTransfSite[Donator_Ac]_v2": 0.03016026098809542, "mulTransfSite[Donator_I]_v2": 0.007954540959939882, "mulTransfSite[Donator_Ph]_v2": 0.005907492494175157, "mulTransfSite[Donator_Ul]_v2": 0.0260524598377028, "mulTransfSite[Receptor_Mc]_v2": 0.003114395435931128, "mulTransfSite[Receptor_Ss]_v2": 0.020471744478943076, "yonInjOrthesisSide_v2": -2.5357565849467473e-05}}