{"number of trainning instances": 17, "number of selected attributes": 3, "selected attributes": ["Bpsurgery_time_v2", "equInjTbpiAgeClasY_v1", "mulPexDiagnosis_v1"], "class attribute": "yonPexPain", "accuracy (%)": 70.58823529411765, "accuracy standard deviation": 0.45564509955381377, "true positive": 4, "false positive": 2, "true negative": 8, "false negative": 3, "satisfactory recovery - precision": 0.6666666666666666, "satisfactory recovery - recall": 0.5714285714285714, "satisfactory recovery - specificity": 0.8, "satisfactory recovery - f-measure": 0.6153846153846153, "unsatisfactory recovery - precision": 0.7272727272727273, "unsatisfactory recovery - recall": 0.8, "unsatisfactory recovery - specificity": 0.5714285714285714, "unsatisfactory recovery - f-measure": 0.761904761904762, "number of initial attributes": 15, "initial attributes, % of missing": {"Bpsurgery_time_v2": 0.0, "Bpsurgery_yon_type": 23.52941176470588, "Status_Explor_v1": 41.17647058823529, "equInjTbpiAgeClasY_v1": 0.0, "lstInjSkuBra_v2": 29.411764705882355, "lstInjTpbiSide": 0.0, "mulInjTbpiCauseSide[Motorcycle]_v1": 0.0, "mulPexDiagnosis_v1": 11.76470588235294, "mulTransfSite[Donator_Ac]_v2": 23.52941176470588, "mulTransfSite[Donator_I]_v2": 23.52941176470588, "mulTransfSite[Donator_Ph]_v2": 23.52941176470588, "mulTransfSite[Donator_Ul]_v2": 23.52941176470588, "mulTransfSite[Receptor_Mc]_v2": 23.52941176470588, "mulTransfSite[Receptor_Ss]_v2": 23.52941176470588, "yonInjOrthesisSide_v2": 70.58823529411765}, "initial attributes, importance": {"Bpsurgery_time_v2": 0.017687881471324808, "Bpsurgery_yon_type": -0.006739578134793208, "Status_Explor_v1": 0.0017594184244383612, "equInjTbpiAgeClasY_v1": 0.012080593405128504, "lstInjSkuBra_v2": 0.000748710762049271, "lstInjTpbiSide": -0.0009086468420601597, "mulInjTbpiCauseSide[Motorcycle]_v1": -0.005163062625570122, "mulPexDiagnosis_v1": 0.02970373992428406, "mulTransfSite[Donator_Ac]_v2": 0.0007581671340801869, "mulTransfSite[Donator_I]_v2": 0.003750722124482664, "mulTransfSite[Donator_Ph]_v2": 0.0013773531008084098, "mulTransfSite[Donator_Ul]_v2": 0.008684418858525219, "mulTransfSite[Receptor_Mc]_v2": -0.0033569409367426224, "mulTransfSite[Receptor_Ss]_v2": 0.0074297947133262435, "yonInjOrthesisSide_v2": -0.00033121947039163607}}