{"xvalues": [-0.0031410746, -0.0018085853, -0.0017595111, -0.001225953, -0.0011023789, -0.0005477269, -0.0004697025, -0.000330902, -0.0002475436, -0.0001510139, 2.54051e-05, 5.26557e-05, 0.0001386325, 0.0002844189, 0.0005866109, 0.0006007266, 0.0075671901], "yvalues": [0.7446808510638299, 0.7446808510638299, 0.7446808510638299, 0.7446808510638299, 0.7446808510638299, 0.7234042553191489, 0.7446808510638299, 0.7446808510638299, 0.7446808510638299, 0.7446808510638299, 0.7446808510638299, 0.7446808510638299, 0.7234042553191489, 0.7234042553191489, 0.7446808510638299, 0.7446808510638299, 0.5957446808510638], "class_name": "lstPexMuscstrength_ElbowFlex", "special": 15}