{"xvalues": [-0.0023297456, -0.0005804949, -0.0005408747, -0.0003522972, -0.0002264098, -4.6605e-05, 2.52851e-05, 0.0001309164, 0.0001465684, 0.0003899284, 0.0004103705, 0.0006090933, 0.0006139559, 0.0018955367, 0.0030179925, 0.0031948317, 0.005006318, 0.0060053915, 0.0071266605, 0.0087182887], "yvalues": [0.6987951807228916, 0.6987951807228916, 0.6746987951807228, 0.6867469879518072, 0.7108433734939759, 0.6626506024096386, 0.6626506024096386, 0.6867469879518072, 0.7108433734939759, 0.6987951807228916, 0.6987951807228916, 0.7349397590361446, 0.6746987951807228, 0.6746987951807228, 0.7228915662650602, 0.7469879518072289, 0.7349397590361446, 0.6987951807228916, 0.6746987951807228, 0.6506024096385542], "class_name": "yonPexPain", "special": 16}