{"xvalues": [-0.0042159401, -0.0038473173, -0.001488134, -0.0013841646, -0.0009211753, -0.0008732212, -0.0008192134, -0.0006435812, -1.38559e-05, 0.000143775, 0.0001984372, 0.0003771823, 0.0009789733, 0.0011350228, 0.0014900587, 0.0041422872, 0.0052761406, 0.0083477355, 0.0208260313], "yvalues": [0.6216216216216216, 0.6081081081081081, 0.6216216216216216, 0.6351351351351351, 0.6351351351351351, 0.6351351351351351, 0.6756756756756757, 0.6621621621621622, 0.7027027027027026, 0.7027027027027026, 0.6756756756756757, 0.6621621621621622, 0.6486486486486487, 0.6756756756756757, 0.6486486486486487, 0.7432432432432432, 0.7432432432432432, 0.7162162162162162, 0.6891891891891893], "class_name": "lstPexMuscstrength_ElbowFlex", "special": 16}