{"xvalues": [-0.0077796125, -0.0068452021, -0.0057975243, -0.0057934405, -0.0047938552, -0.0047701023, -0.0033001633, -0.0031368228, -0.0027451375, -0.0014684334, -0.0012469678, -0.0008500045, 0.0002411946, 0.0003145682, 0.0035467641], "yvalues": [0.40740740740740744, 0.40740740740740744, 0.4814814814814815, 0.4814814814814815, 0.4814814814814815, 0.4444444444444444, 0.4444444444444444, 0.4444444444444444, 0.4444444444444444, 0.5555555555555556, 0.5555555555555556, 0.5925925925925926, 0.4814814814814815, 0.6666666666666667, 0.6296296296296297], "class_name": "lstPexMuscstrength_ShoulderExrot", "special": 13}