{"number of trainning instances": 74, "number of selected attributes": 3, "selected attributes": ["Status_Explor_v1", "mulPexDiagnosis_v1", "mulTransfSite[Donator_I]_v2"], "class attribute": "lstPexMuscstrength_ElbowFlex", "accuracy (%)": 72.97297297297297, "accuracy standard deviation": 0.44409937095013474, "true positive": 40, "false positive": 14, "true negative": 14, "false negative": 6, "satisfactory recovery - precision": 0.7407407407407407, "satisfactory recovery - recall": 0.8695652173913043, "satisfactory recovery - specificity": 0.5, "satisfactory recovery - f-measure": 0.7999999999999999, "unsatisfactory recovery - precision": 0.7, "unsatisfactory recovery - recall": 0.5, "unsatisfactory recovery - specificity": 0.8695652173913043, "unsatisfactory recovery - f-measure": 0.5833333333333334, "number of initial attributes": 19, "initial attributes, % of missing": {"Bpsurgery_time_v2": 0.0, "Bpsurgery_yon_type": 20.27027027027027, "Status_Explor_v1": 25.675675675675674, "equInjTbpiAgeClasY_v1": 0.0, "lstInjSkuBra_v2": 37.83783783783784, "lstInjTpbiSide": 0.0, "lstInjUppLimScaGirSide_v2": 47.2972972972973, "mulInjTbpiCauseSide[Motorcycle]_v1": 0.0, "mulPexDiagnosis_v1": 1.3513513513513513, "mulTransfSite[Donator_Ac]_v2": 20.27027027027027, "mulTransfSite[Donator_I]_v2": 20.27027027027027, "mulTransfSite[Donator_Ph]_v2": 20.27027027027027, "mulTransfSite[Donator_Ul]_v2": 20.27027027027027, "mulTransfSite[Receptor_Ax]_v2": 20.27027027027027, "mulTransfSite[Receptor_Mc]_v2": 20.27027027027027, "mulTransfSite[Receptor_Ss]_v2": 20.27027027027027, "yonInjOrthesisSide_v2": 74.32432432432432, "yonInjPhysio": 72.97297297297297, "yonPexPainTime1_v2": 85.13513513513513}, "initial attributes, importance": {"Bpsurgery_time_v2": -0.004215940052763682, "Bpsurgery_yon_type": -0.0013841645123322682, "Status_Explor_v1": 0.008347735582606885, "equInjTbpiAgeClasY_v1": -0.0009211752643756516, "lstInjSkuBra_v2": 0.0014900587948442, "lstInjTpbiSide": -0.0038473172451358516, "lstInjUppLimScaGirSide_v2": 0.0003771823690181258, "mulInjTbpiCauseSide[Motorcycle]_v1": 0.001135022847002585, "mulPexDiagnosis_v1": 0.020826031331334486, "mulTransfSite[Donator_Ac]_v2": 0.000978973317684775, "mulTransfSite[Donator_I]_v2": 0.005276140625876673, "mulTransfSite[Donator_Ph]_v2": -0.0008192133761750572, "mulTransfSite[Donator_Ul]_v2": 0.004142287254435755, "mulTransfSite[Receptor_Ax]_v2": -0.0008732211511700893, "mulTransfSite[Receptor_Mc]_v2": -0.0006435811398679385, "mulTransfSite[Receptor_Ss]_v2": -0.0014881339380791577, "yonInjOrthesisSide_v2": 0.00014377504356087348, "yonInjPhysio": 0.0001984372501523325, "yonPexPainTime1_v2": -1.3855896857497441e-05}}