{"number of trainning instances": 59, "number of selected attributes": 6, "selected attributes": ["lstInjTpbiSide", "mulPexDiagnosis_v1", "mulTransfSite[Donator_Ac]_v2", "mulTransfSite[Donator_I]_v2", "mulTransfSite[Donator_Ul]_v2", "mulTransfSite[Receptor_Ax]_v2"], "class attribute": "lstPexMuscstrength_ShoulderAbduc", "accuracy (%)": 76.27118644067797, "accuracy standard deviation": 0.42542035247495363, "true positive": 15, "false positive": 6, "true negative": 30, "false negative": 8, "satisfactory recovery - precision": 0.7142857142857143, "satisfactory recovery - recall": 0.6521739130434783, "satisfactory recovery - specificity": 0.8333333333333334, "satisfactory recovery - f-measure": 0.6818181818181819, "unsatisfactory recovery - precision": 0.7894736842105263, "unsatisfactory recovery - recall": 0.8333333333333334, "unsatisfactory recovery - specificity": 0.6521739130434783, "unsatisfactory recovery - f-measure": 0.8108108108108109, "number of initial attributes": 19, "initial attributes, % of missing": {"Bpsurgery_time_v2": 0.0, "Bpsurgery_yon_type": 25.423728813559322, "Status_Explor_v1": 32.20338983050847, "equInjTbpiAgeClasY_v1": 0.0, "lstInjSkuBra_v2": 28.8135593220339, "lstInjTpbiSide": 0.0, "lstInjUppLimScaGirSide_v2": 42.3728813559322, "mulInjTbpiCauseSide[Motorcycle]_v1": 0.0, "mulPexDiagnosis_v1": 1.694915254237288, "mulTransfSite[Donator_Ac]_v2": 25.423728813559322, "mulTransfSite[Donator_I]_v2": 25.423728813559322, "mulTransfSite[Donator_Ph]_v2": 25.423728813559322, "mulTransfSite[Donator_Ul]_v2": 25.423728813559322, "mulTransfSite[Receptor_Ax]_v2": 25.423728813559322, "mulTransfSite[Receptor_Mc]_v2": 25.423728813559322, "mulTransfSite[Receptor_Ss]_v2": 25.423728813559322, "yonInjOrthesisSide_v2": 74.57627118644068, "yonInjPhysio": 74.57627118644068, "yonPexPainTime1_v2": 84.7457627118644}, "initial attributes, importance": {"Bpsurgery_time_v2": -0.004008488492459535, "Bpsurgery_yon_type": 0.0039230639106896175, "Status_Explor_v1": -0.0014183762377360848, "equInjTbpiAgeClasY_v1": -0.006127775227356941, "lstInjSkuBra_v2": 0.0020429398842847428, "lstInjTpbiSide": 0.01298303593169401, "lstInjUppLimScaGirSide_v2": -0.0009687361618730297, "mulInjTbpiCauseSide[Motorcycle]_v1": 0.0042971794517029736, "mulPexDiagnosis_v1": 0.011367736707597262, "mulTransfSite[Donator_Ac]_v2": 0.010715301201844966, "mulTransfSite[Donator_I]_v2": 0.00783208714986351, "mulTransfSite[Donator_Ph]_v2": 0.0005328999059100236, "mulTransfSite[Donator_Ul]_v2": 0.00673302515672527, "mulTransfSite[Receptor_Ax]_v2": 0.006622569403431712, "mulTransfSite[Receptor_Mc]_v2": 0.004857789861828384, "mulTransfSite[Receptor_Ss]_v2": 0.0006125792031482753, "yonInjOrthesisSide_v2": -0.00010806363103728647, "yonInjPhysio": -0.00023467577319015827, "yonPexPainTime1_v2": -6.77076154701303e-05}}