{"number of trainning instances": 53, "number of selected attributes": 1, "selected attributes": ["mulPexDiagnosis_v1"], "class attribute": "lstPexMuscstrength_ShoulderExrot", "accuracy (%)": 66.0377358490566, "accuracy standard deviation": 0.4735811470947597, "true positive": 15, "false positive": 13, "true negative": 20, "false negative": 5, "satisfactory recovery - precision": 0.5357142857142857, "satisfactory recovery - recall": 0.75, "satisfactory recovery - specificity": 0.6060606060606061, "satisfactory recovery - f-measure": 0.6250000000000001, "unsatisfactory recovery - precision": 0.8, "unsatisfactory recovery - recall": 0.6060606060606061, "unsatisfactory recovery - specificity": 0.75, "unsatisfactory recovery - f-measure": 0.689655172413793, "number of initial attributes": 19, "initial attributes, % of missing": {"Bpsurgery_time_v2": 0.0, "Bpsurgery_yon_type": 22.641509433962266, "Status_Explor_v1": 30.18867924528302, "equInjTbpiAgeClasY_v1": 0.0, "lstInjSkuBra_v2": 26.41509433962264, "lstInjTpbiSide": 0.0, "lstInjUppLimScaGirSide_v2": 39.62264150943396, "mulInjTbpiCauseSide[Motorcycle]_v1": 0.0, "mulPexDiagnosis_v1": 1.8867924528301887, "mulTransfSite[Donator_Ac]_v2": 22.641509433962266, "mulTransfSite[Donator_I]_v2": 22.641509433962266, "mulTransfSite[Donator_Ph]_v2": 22.641509433962266, "mulTransfSite[Donator_Ul]_v2": 22.641509433962266, "mulTransfSite[Receptor_Ax]_v2": 22.641509433962266, "mulTransfSite[Receptor_Mc]_v2": 22.641509433962266, "mulTransfSite[Receptor_Ss]_v2": 22.641509433962266, "yonInjOrthesisSide_v2": 71.69811320754717, "yonInjPhysio": 73.58490566037736, "yonPexPainTime1_v2": 84.90566037735849}, "initial attributes, importance": {"Bpsurgery_time_v2": -0.004004271134087585, "Bpsurgery_yon_type": 0.0020979869143908743, "Status_Explor_v1": 0.0008366328837407451, "equInjTbpiAgeClasY_v1": 0.010336979341488221, "lstInjSkuBra_v2": -0.0004924101095811963, "lstInjTpbiSide": -0.004772720366989426, "lstInjUppLimScaGirSide_v2": 0.001415350363399364, "mulInjTbpiCauseSide[Motorcycle]_v1": 0.005506843878769212, "mulPexDiagnosis_v1": 0.018735579816852328, "mulTransfSite[Donator_Ac]_v2": -0.0015117154406856148, "mulTransfSite[Donator_I]_v2": 0.0048658724078724045, "mulTransfSite[Donator_Ph]_v2": -0.002336924616191327, "mulTransfSite[Donator_Ul]_v2": 0.0053515370563247166, "mulTransfSite[Receptor_Ax]_v2": 0.007578908010939656, "mulTransfSite[Receptor_Mc]_v2": 0.00254840691606309, "mulTransfSite[Receptor_Ss]_v2": -0.0023959488006407917, "yonInjOrthesisSide_v2": 0.0002743113413720842, "yonInjPhysio": -3.363551611286258e-05, "yonPexPainTime1_v2": -7.320364133409137e-05}}