{"number of trainning instances": 67, "number of selected attributes": 4, "selected attributes": ["Status_Explor_v1", "equInjTbpiAgeClasY_v1", "lstInjSkuBra_v2", "lstInjUppLimScaGirSide_v2"], "class attribute": "yonPexPain", "accuracy (%)": 71.64179104477611, "accuracy standard deviation": 0.4507363841952686, "true positive": 11, "false positive": 8, "true negative": 37, "false negative": 11, "satisfactory recovery - precision": 0.5789473684210527, "satisfactory recovery - recall": 0.5, "satisfactory recovery - specificity": 0.8222222222222222, "satisfactory recovery - f-measure": 0.5365853658536586, "unsatisfactory recovery - precision": 0.7708333333333334, "unsatisfactory recovery - recall": 0.8222222222222222, "unsatisfactory recovery - specificity": 0.5, "unsatisfactory recovery - f-measure": 0.7956989247311829, "number of initial attributes": 19, "initial attributes, % of missing": {"Bpsurgery_time_v2": 1.4925373134328357, "Bpsurgery_yon_type": 22.388059701492537, "Status_Explor_v1": 31.343283582089555, "equInjTbpiAgeClasY_v1": 0.0, "lstInjSkuBra_v2": 26.865671641791046, "lstInjTpbiSide": 0.0, "lstInjUppLimScaGirSide_v2": 49.25373134328358, "mulInjTbpiCauseSide[Motorcycle]_v1": 0.0, "mulPexDiagnosis_v1": 4.477611940298507, "mulTransfSite[Donator_Ac]_v2": 22.388059701492537, "mulTransfSite[Donator_I]_v2": 22.388059701492537, "mulTransfSite[Donator_Ph]_v2": 22.388059701492537, "mulTransfSite[Donator_Ul]_v2": 22.388059701492537, "mulTransfSite[Receptor_Ax]_v2": 22.388059701492537, "mulTransfSite[Receptor_Mc]_v2": 22.388059701492537, "mulTransfSite[Receptor_Ss]_v2": 22.388059701492537, "yonInjOrthesisSide_v2": 68.65671641791045, "yonInjPhysio": 70.1492537313433, "yonPexPainTime1_v2": 77.61194029850746}, "initial attributes, importance": {"Bpsurgery_time_v2": 0.0006522260241495577, "Bpsurgery_yon_type": -0.0006159688462282493, "Status_Explor_v1": 0.003321374616544981, "equInjTbpiAgeClasY_v1": 0.0025583461855486563, "lstInjSkuBra_v2": 0.002333349291308018, "lstInjTpbiSide": 0.0015720074872746961, "lstInjUppLimScaGirSide_v2": 0.006685527341437434, "mulInjTbpiCauseSide[Motorcycle]_v1": -0.0016659499415679151, "mulPexDiagnosis_v1": -0.0008460117255560464, "mulTransfSite[Donator_Ac]_v2": -0.0017746086335042955, "mulTransfSite[Donator_I]_v2": 0.0007727748706158758, "mulTransfSite[Donator_Ph]_v2": -0.00032126453458191485, "mulTransfSite[Donator_Ul]_v2": 0.0011080185683322128, "mulTransfSite[Receptor_Ax]_v2": 0.0007041346334839922, "mulTransfSite[Receptor_Mc]_v2": -0.0015825580803548853, "mulTransfSite[Receptor_Ss]_v2": -0.0016697967240190633, "yonInjOrthesisSide_v2": -2.1061676859362213e-05, "yonInjPhysio": -0.0004169550501413899, "yonPexPainTime1_v2": -9.353638396524668e-05}}