{"Bpsurgery_time_v2": 0.0016344858810894455, "Bpsurgery_yon_type": 0.00032702922842471464, "Status_Explor_v1": 0.0017271730889550792, "equInjTbpiAgeClasY_v1": -0.00582899189621439, "lstInjSkuBra_v2": -0.0002855850620044735, "lstInjTpbiSide": -2.5211999564330686e-05, "lstInjUppLimScaGirSide_v2": 0.0006180344374392012, "mulInjTbpiCauseSide[Motorcycle]_v1": 0.004691815492213395, "mulPexDiagnosis_v1": 0.029823242545587218, "mulTransfSite[Donator_Ac]_v2": -0.0019322721514074678, "mulTransfSite[Donator_I]_v2": 0.0013808941222066687, "mulTransfSite[Donator_Ph]_v2": 0.0002508058184393848, "mulTransfSite[Donator_Ul]_v2": 0.009305732770881677, "mulTransfSite[Receptor_Ax]_v2": 0.004142406852978242, "mulTransfSite[Receptor_Mc]_v2": 0.0007247442554882049, "mulTransfSite[Receptor_Ss]_v2": 0.0019069820950625086, "yonInjOrthesisSide_v2": 0.00020082981736592215, "yonInjPhysio": 0.00017195908974928356, "yonPexPainTime1_v2": 0.00017131520320450586, "yonPexPainTime2_v2": -2.2313073753335028e-05}