{"Bpsurgery_time_v2": 0.002553904000756146, "Bpsurgery_yon_type": 0.0002413220805482016, "Status_Explor_v1": -0.001807717618791705, "equInjTbpiAgeClasY_v1": 0.0011214998797232938, "lstInjSkuBra_v2": 0.0019292640306399047, "lstInjTpbiSide": 0.0028064361211641285, "lstInjUppLimScaGirSide_v2": -0.0011264718996418259, "mulInjTbpiCauseSide[Motorcycle]_v1": 0.0030847460110612905, "mulPexDiagnosis_v1": 0.010593420051038525, "mulTransfSite[Donator_Ac]_v2": 0.0038060253120364962, "mulTransfSite[Donator_I]_v2": 0.0030392678527077937, "mulTransfSite[Donator_Ph]_v2": 0.000474658071785364, "mulTransfSite[Donator_Ul]_v2": 0.003236735372334809, "mulTransfSite[Receptor_Ax]_v2": 0.004171067182569046, "mulTransfSite[Receptor_Mc]_v2": 0.002146916424507719, "mulTransfSite[Receptor_Ss]_v2": -0.001278810353685175, "yonInjOrthesisSide_v2": 7.912799111872034e-05, "yonInjPhysio": -0.0006696644824950525, "yonPexPainTime1_v2": -0.00024285246934814116, "yonPexPainTime2_v2": -0.00010534516364818812}