{"Bpsurgery_time_v2": 0.0005809069920215129, "Bpsurgery_yon_type": 7.658466836677485e-05, "Status_Explor_v1": -0.0008672133923371239, "equInjTbpiAgeClasY_v1": 0.006720047563159921, "lstInjSkuBra_v2": 0.0002302885592603856, "lstInjTpbiSide": -0.0019069407973590525, "lstInjUppLimScaGirSide_v2": -0.00025262000180618314, "mulInjTbpiCauseSide[Motorcycle]_v1": 0.01548013140512648, "mulPexDiagnosis_v1": 0.0066614066914955005, "mulTransfSite[Donator_Ac]_v2": -6.0904353596701024e-05, "mulTransfSite[Donator_I]_v2": -0.001270759762024197, "mulTransfSite[Donator_Ph]_v2": -0.0010010839549572479, "mulTransfSite[Donator_Ul]_v2": -0.0018162022535555108, "mulTransfSite[Receptor_Ax]_v2": 0.0005959660723058212, "mulTransfSite[Receptor_Mc]_v2": 0.004284899408223879, "mulTransfSite[Receptor_Ss]_v2": -0.002094879351551745, "yonInjOrthesisSide_v2": 0.0005826323761435735, "yonInjPhysio": 0.00021971987711178433, "yonPexPainTime1_v2": -0.00017391599730056016, "yonPexPainTime2_v2": -5.597984344028232e-05}