{"Bpsurgery_time_v2": 0.0005367121594067571, "Bpsurgery_yon_type": 0.0033838871797193986, "Status_Explor_v1": 0.004446953785251445, "equInjTbpiAgeClasY_v1": 0.0031764762311803675, "lstInjSkuBra_v2": 0.0009804185121777458, "lstInjTpbiSide": 0.005322160402538373, "lstInjUppLimScaGirSide_v2": 0.005682029416085197, "mulInjTbpiCauseSide[Motorcycle]_v1": -0.0021341684373152787, "mulPexDiagnosis_v1": 0.0010012115808819572, "mulTransfSite[Donator_Ac]_v2": 0.0014298662772200522, "mulTransfSite[Donator_I]_v2": 0.0053064217693222036, "mulTransfSite[Donator_Ph]_v2": 0.0020322414190316667, "mulTransfSite[Donator_Ul]_v2": 0.00583179053050414, "mulTransfSite[Receptor_Ax]_v2": 0.003038666559544018, "mulTransfSite[Receptor_Mc]_v2": 0.0020034542394153487, "mulTransfSite[Receptor_Ss]_v2": 0.0014619464314862584, "yonInjOrthesisSide_v2": -0.00019973784710731665, "yonInjPhysio": -0.0005236484553110311, "yonPexPainTime1_v2": -6.212479684138776e-05, "yonPexPainTime2_v2": 0.0007840252437331795}