{"xvalues": [-0.0014954596, -0.000908776, -0.0001261925, 0.0002556682, 0.0004627931, 0.0005174719, 0.0015245422, 0.0017939491, 0.0041838806, 0.0053255868, 0.0061777872, 0.0068215766, 0.0068440559, 0.0093744489, 0.0100001823, 0.0157208163, 0.0163015035], "yvalues": [0.72, 0.6799999999999999, 0.72, 0.6799999999999999, 0.6799999999999999, 0.6799999999999999, 0.6799999999999999, 0.72, 0.76, 0.76, 0.84, 0.76, 0.6799999999999999, 0.76, 0.6799999999999999, 0.6799999999999999, 0.76], "class_name": "lstPexMuscstrength_ShoulderAbduc", "special": 16}