{"xvalues": [-0.0068159761, -0.006007772, -0.0058097827, -0.0055809263, -0.0038481365, -0.0032728626, -0.0017461443, -0.001718732, -0.001287239, -0.0010128447, -0.0008968343, -7.96468e-05, 0.0016454624, 0.0084898628, 0.0093892972, 0.0388230554], "yvalues": [0.46875, 0.46875, 0.5, 0.46875, 0.5, 0.53125, 0.5625, 0.59375, 0.46875, 0.5625, 0.65625, 0.71875, 0.6875, 0.625, 0.65625, 0.78125], "class_name": "lstPexMuscstrength_ShoulderExrot", "special": 11}