{"xvalues": [-0.0083873892, -0.0041610345, -0.0025415225, -0.0018490661, -0.0006066787, -1.57918e-05, 0.0003912038, 0.0012670286, 0.0030231902, 0.0044459108, 0.0051757853, 0.009724209, 0.0143011397, 0.0204425781, 0.0244274222], "yvalues": [0.7692307692307692, 0.7692307692307692, 0.7692307692307692, 0.7692307692307692, 0.7692307692307692, 0.7692307692307692, 0.7692307692307692, 0.7692307692307692, 0.8461538461538461, 0.8461538461538461, 0.8461538461538461, 0.8461538461538461, 0.9230769230769231, 0.7692307692307692, 0.8461538461538461], "class_name": "lstPexMuscstrength_ShoulderAbduc", "special": 14}