{"xvalues": [-0.0032869581, -0.0027523596, -0.0007024698, -0.0005564273, -0.0002793401, -0.0001336203, -2.5919e-05, 0.0001237389, 0.0003599502, 0.0004975016, 0.0005555967, 0.0006766357, 0.000866196, 0.0019588674, 0.0019830595, 0.0042929313], "yvalues": [0.7714285714285715, 0.7428571428571429, 0.7142857142857143, 0.7142857142857143, 0.7142857142857143, 0.7428571428571429, 0.7428571428571429, 0.7428571428571429, 0.7714285714285715, 0.7714285714285715, 0.7428571428571429, 0.7428571428571429, 0.7714285714285715, 0.7714285714285715, 0.7428571428571429, 0.7142857142857143], "class_name": "lstPexMuscstrength_ElbowFlex", "special": 13}