{"xvalues": [-0.003478521, -0.0013888882, -0.0011359429, -0.0009150922, -0.0003445635, -0.0001367245, -9.31518e-05, 7.40622e-05, 0.0001939583, 0.0005594096, 0.0008487249, 0.0019940166, 0.0033348023, 0.007420615, 0.0074608943, 0.0084196035, 0.0088561283, 0.0088719667, 0.0096255762], "yvalues": [0.6271186440677966, 0.6271186440677966, 0.6271186440677966, 0.6610169491525424, 0.6610169491525424, 0.6779661016949152, 0.6779661016949152, 0.711864406779661, 0.711864406779661, 0.711864406779661, 0.6779661016949152, 0.728813559322034, 0.7457627118644068, 0.6779661016949152, 0.6949152542372881, 0.728813559322034, 0.576271186440678, 0.6610169491525424, 0.6610169491525424], "class_name": "lstPexMuscstrength_ShoulderAbduc", "special": 15}