{"xvalues": [-0.0022541184, -0.0011110834, 2.28408e-05, 0.0002611408, 0.0004055536, 0.0006593545, 0.00076585, 0.0012411237, 0.0015885989, 0.0023169698, 0.0025515682, 0.0029516786, 0.0034491683, 0.0059615296, 0.0062960174, 0.0136868528, 0.0171257933, 0.0181144303, 0.0208455432], "yvalues": [0.641025641025641, 0.717948717948718, 0.6923076923076923, 0.717948717948718, 0.717948717948718, 0.7435897435897436, 0.7435897435897436, 0.7435897435897436, 0.717948717948718, 0.717948717948718, 0.6923076923076923, 0.717948717948718, 0.7435897435897436, 0.6666666666666667, 0.641025641025641, 0.6923076923076923, 0.717948717948718, 0.5384615384615384, 0.5897435897435898], "class_name": "lstPexMuscstrength_ElbowFlex", "special": 16}