{"xvalues": [-0.0055819566, -0.0027761813, -0.0024902139, -0.0019937926, -0.0017617968, -0.0017084178, -0.0012783869, -0.0011447165, -0.0009957257, -0.0008793274, -0.0001808215, 2.68012e-05, 0.0001063048, 0.0001381588, 0.0004318789, 0.0049508451, 0.0050535913], "yvalues": [0.7631578947368421, 0.7631578947368421, 0.7631578947368421, 0.7631578947368421, 0.7631578947368421, 0.7631578947368421, 0.7631578947368421, 0.7631578947368421, 0.7631578947368421, 0.7631578947368421, 0.7631578947368421, 0.7631578947368421, 0.7631578947368421, 0.7631578947368421, 0.7631578947368421, 0.7631578947368421, 0.7631578947368421], "class_name": "yonPexPain", "special": -1}