{"number of trainning instances": 29, "number of selected attributes": 5, "selected attributes": ["lstInjTpbiSide", "lstInjUppLimScaGirSide_v2", "mulTransfSite[Receptor_Ax]_v2", "mulTransfSite[Receptor_Ss]_v2", "yonPexPainTime1_v2"], "class attribute": "yonPexPain", "accuracy (%)": 68.96551724137932, "accuracy standard deviation": 0.46263475396547377, "true positive": 0, "false positive": 1, "true negative": 20, "false negative": 8, "satisfactory recovery - precision": 0.0, "satisfactory recovery - recall": 0.0, "satisfactory recovery - specificity": 0.9523809523809523, "satisfactory recovery - f-measure": 0, "unsatisfactory recovery - precision": 0.7142857142857143, "unsatisfactory recovery - recall": 0.9523809523809523, "unsatisfactory recovery - specificity": 0.0, "unsatisfactory recovery - f-measure": 0.8163265306122449, "number of initial attributes": 16, "initial attributes, % of missing": {"Bpsurgery_time_v2": 0.0, "Bpsurgery_yon_type": 10.344827586206897, "Status_Explor_v1": 13.793103448275861, "equInjTbpiAgeClasY_v1": 0.0, "lstInjSkuBra_v2": 20.689655172413794, "lstInjTpbiSide": 0.0, "lstInjUppLimScaGirSide_v2": 34.48275862068966, "mulInjTbpiCauseSide[Motorcycle]_v1": 0.0, "mulPexDiagnosis_v1": 0.0, "mulTransfSite[Donator_Ac]_v2": 10.344827586206897, "mulTransfSite[Donator_Ph]_v2": 10.344827586206897, "mulTransfSite[Donator_Ul]_v2": 10.344827586206897, "mulTransfSite[Receptor_Ax]_v2": 10.344827586206897, "mulTransfSite[Receptor_Mc]_v2": 10.344827586206897, "mulTransfSite[Receptor_Ss]_v2": 10.344827586206897, "yonPexPainTime1_v2": 75.86206896551724}, "initial attributes, importance": {"Bpsurgery_time_v2": -0.001163409165208805, "Bpsurgery_yon_type": -0.000578464712093159, "Status_Explor_v1": -0.0007800661592317057, "equInjTbpiAgeClasY_v1": -0.005753165095696586, "lstInjSkuBra_v2": -0.0009394526926330907, "lstInjTpbiSide": 0.009738727002074342, "lstInjUppLimScaGirSide_v2": 0.004611143084613905, "mulInjTbpiCauseSide[Motorcycle]_v1": -0.0025414094670243425, "mulPexDiagnosis_v1": -0.005614413048126304, "mulTransfSite[Donator_Ac]_v2": -0.007406498936068884, "mulTransfSite[Donator_Ph]_v2": -0.004948774508421196, "mulTransfSite[Donator_Ul]_v2": 6.0645740185694176e-05, "mulTransfSite[Receptor_Ax]_v2": 0.0009314683413518816, "mulTransfSite[Receptor_Mc]_v2": -0.004107264967865258, "mulTransfSite[Receptor_Ss]_v2": 0.00046632890668221543, "yonPexPainTime1_v2": 0.00025070290713713754}}