{"number of trainning instances": 35, "number of selected attributes": 3, "selected attributes": ["Bpsurgery_time_v2", "mulPexDiagnosis_v1", "mulTransfSite[Receptor_Mc]_v2"], "class attribute": "lstPexMuscstrength_ElbowFlex", "accuracy (%)": 77.14285714285715, "accuracy standard deviation": 0.4199125273342591, "true positive": 27, "false positive": 8, "true negative": 0, "false negative": 0, "satisfactory recovery - precision": 0.7714285714285715, "satisfactory recovery - recall": 1.0, "satisfactory recovery - specificity": 0.0, "satisfactory recovery - f-measure": 0.870967741935484, "unsatisfactory recovery - precision": 0, "unsatisfactory recovery - recall": 0.0, "unsatisfactory recovery - specificity": 1.0, "unsatisfactory recovery - f-measure": 0, "number of initial attributes": 16, "initial attributes, % of missing": {"Bpsurgery_time_v2": 0.0, "Bpsurgery_yon_type": 11.428571428571429, "Status_Explor_v1": 14.285714285714285, "equInjTbpiAgeClasY_v1": 0.0, "lstInjSkuBra_v2": 34.285714285714285, "lstInjTpbiSide": 0.0, "lstInjUppLimScaGirSide_v2": 40.0, "mulInjTbpiCauseSide[Motorcycle]_v1": 0.0, "mulPexDiagnosis_v1": 0.0, "mulTransfSite[Donator_Ac]_v2": 11.428571428571429, "mulTransfSite[Donator_Ph]_v2": 11.428571428571429, "mulTransfSite[Donator_Ul]_v2": 11.428571428571429, "mulTransfSite[Receptor_Ax]_v2": 11.428571428571429, "mulTransfSite[Receptor_Mc]_v2": 11.428571428571429, "mulTransfSite[Receptor_Ss]_v2": 11.428571428571429, "yonPexPainTime1_v2": 91.42857142857143}, "initial attributes, importance": {"Bpsurgery_time_v2": 0.004292931312727351, "Bpsurgery_yon_type": 0.0005555967004591561, "Status_Explor_v1": 0.0003599502733961554, "equInjTbpiAgeClasY_v1": -0.0032869580374079482, "lstInjSkuBra_v2": -0.0002793400338691281, "lstInjTpbiSide": -0.002752359507008576, "lstInjUppLimScaGirSide_v2": -0.00055642724268999, "mulInjTbpiCauseSide[Motorcycle]_v1": 0.0004975016540703404, "mulPexDiagnosis_v1": 0.001958867433972412, "mulTransfSite[Donator_Ac]_v2": -0.0007024697402621818, "mulTransfSite[Donator_Ph]_v2": -0.00013362027656311663, "mulTransfSite[Donator_Ul]_v2": 0.0008661960594259846, "mulTransfSite[Receptor_Ax]_v2": 0.0006766357633441357, "mulTransfSite[Receptor_Mc]_v2": 0.0019830595522428575, "mulTransfSite[Receptor_Ss]_v2": 0.0001237389437577967, "yonPexPainTime1_v2": -2.5918972049745913e-05}}