{"number of trainning instances": 27, "number of selected attributes": 2, "selected attributes": ["equInjTbpiAgeClasY_v1", "mulTransfSite[Receptor_Ss]_v2"], "class attribute": "lstPexMuscstrength_ShoulderExrot", "accuracy (%)": 92.5925925925926, "accuracy standard deviation": 0.2618914004394621, "true positive": 12, "false positive": 1, "true negative": 13, "false negative": 1, "satisfactory recovery - precision": 0.9230769230769231, "satisfactory recovery - recall": 0.9230769230769231, "satisfactory recovery - specificity": 0.9285714285714286, "satisfactory recovery - f-measure": 0.9230769230769231, "unsatisfactory recovery - precision": 0.9285714285714286, "unsatisfactory recovery - recall": 0.9285714285714286, "unsatisfactory recovery - specificity": 0.9230769230769231, "unsatisfactory recovery - f-measure": 0.9285714285714286, "number of initial attributes": 15, "initial attributes, % of missing": {"Bpsurgery_time_v2": 0.0, "Bpsurgery_yon_type": 14.814814814814813, "Status_Explor_v1": 18.51851851851852, "equInjTbpiAgeClasY_v1": 0.0, "lstInjSkuBra_v2": 22.22222222222222, "lstInjTpbiSide": 0.0, "lstInjUppLimScaGirSide_v2": 25.925925925925924, "mulInjTbpiCauseSide[Motorcycle]_v1": 0.0, "mulPexDiagnosis_v1": 0.0, "mulTransfSite[Donator_Ac]_v2": 14.814814814814813, "mulTransfSite[Donator_Ph]_v2": 14.814814814814813, "mulTransfSite[Donator_Ul]_v2": 14.814814814814813, "mulTransfSite[Receptor_Ax]_v2": 14.814814814814813, "mulTransfSite[Receptor_Mc]_v2": 14.814814814814813, "mulTransfSite[Receptor_Ss]_v2": 14.814814814814813}, "initial attributes, importance": {"Bpsurgery_time_v2": -0.004793855126188659, "Bpsurgery_yon_type": -0.0014684333829615881, "Status_Explor_v1": -0.003136822714596047, "equInjTbpiAgeClasY_v1": 0.0035467641514432147, "lstInjSkuBra_v2": 0.00024119463424935667, "lstInjTpbiSide": -0.007779612442479875, "lstInjUppLimScaGirSide_v2": -0.0008500044666144776, "mulInjTbpiCauseSide[Motorcycle]_v1": -0.0027451374859893147, "mulPexDiagnosis_v1": -0.004770102278800537, "mulTransfSite[Donator_Ac]_v2": -0.0033001632058487352, "mulTransfSite[Donator_Ph]_v2": -0.005793440432134915, "mulTransfSite[Donator_Ul]_v2": -0.005797524287070823, "mulTransfSite[Receptor_Ax]_v2": -0.0012469677900813895, "mulTransfSite[Receptor_Mc]_v2": -0.006845202024743901, "mulTransfSite[Receptor_Ss]_v2": 0.00031456825106983955}}