{"number of trainning instances": 28, "number of selected attributes": 2, "selected attributes": ["mulTransfSite[Donator_Ul]_v2", "mulTransfSite[Receptor_Ss]_v2"], "class attribute": "lstPexMuscstrength_ShoulderAbduc", "accuracy (%)": 60.71428571428571, "accuracy standard deviation": 0.4883855118277623, "true positive": 5, "false positive": 5, "true negative": 12, "false negative": 6, "satisfactory recovery - precision": 0.5, "satisfactory recovery - recall": 0.45454545454545453, "satisfactory recovery - specificity": 0.7058823529411765, "satisfactory recovery - f-measure": 0.47619047619047616, "unsatisfactory recovery - precision": 0.6666666666666666, "unsatisfactory recovery - recall": 0.7058823529411765, "unsatisfactory recovery - specificity": 0.45454545454545453, "unsatisfactory recovery - f-measure": 0.6857142857142857, "number of initial attributes": 15, "initial attributes, % of missing": {"Bpsurgery_time_v2": 0.0, "Bpsurgery_yon_type": 14.285714285714285, "Status_Explor_v1": 17.857142857142858, "equInjTbpiAgeClasY_v1": 0.0, "lstInjSkuBra_v2": 21.428571428571427, "lstInjTpbiSide": 0.0, "lstInjUppLimScaGirSide_v2": 28.57142857142857, "mulInjTbpiCauseSide[Motorcycle]_v1": 0.0, "mulPexDiagnosis_v1": 0.0, "mulTransfSite[Donator_Ac]_v2": 14.285714285714285, "mulTransfSite[Donator_Ph]_v2": 14.285714285714285, "mulTransfSite[Donator_Ul]_v2": 14.285714285714285, "mulTransfSite[Receptor_Ax]_v2": 14.285714285714285, "mulTransfSite[Receptor_Mc]_v2": 14.285714285714285, "mulTransfSite[Receptor_Ss]_v2": 14.285714285714285}, "initial attributes, importance": {"Bpsurgery_time_v2": 0.00792897719712357, "Bpsurgery_yon_type": 0.003353405585473457, "Status_Explor_v1": -0.003108189156136708, "equInjTbpiAgeClasY_v1": -0.006942877136638385, "lstInjSkuBra_v2": -0.0016560144102349941, "lstInjTpbiSide": 0.00393900098879103, "lstInjUppLimScaGirSide_v2": 0.003987238056567048, "mulInjTbpiCauseSide[Motorcycle]_v1": -0.0027118505480832993, "mulPexDiagnosis_v1": -0.006569237112728415, "mulTransfSite[Donator_Ac]_v2": 0.005769919780374829, "mulTransfSite[Donator_Ph]_v2": 0.0013408336076945206, "mulTransfSite[Donator_Ul]_v2": 0.016094867606565283, "mulTransfSite[Receptor_Ax]_v2": 0.005656260156560095, "mulTransfSite[Receptor_Mc]_v2": 0.0023965876155438233, "mulTransfSite[Receptor_Ss]_v2": 0.01110092923615935}}