{"xvalues": [-0.0006467183, -2.53576e-05, 0.0016862151, 0.0022912223, 0.0031143954, 0.0033859748, 0.0059074924, 0.0079545409, 0.0135494805, 0.0143132706, 0.0204717444, 0.0260524598, 0.0301602609, 0.0314992239, 0.0336143342], "yvalues": [0.9230769230769231, 0.9230769230769231, 0.9230769230769231, 0.8461538461538461, 0.9230769230769231, 0.9230769230769231, 0.9230769230769231, 0.9230769230769231, 0.8461538461538461, 0.8461538461538461, 0.9230769230769231, 0.9230769230769231, 0.8461538461538461, 0.6153846153846154, 0.8461538461538461], "class_name": "lstPexMuscstrength_ElbowFlex", "special": 11}