{"xvalues": [-0.003968708, -0.0033670126, -0.0031628058, -0.0020752877, -0.0014582149, -0.001399881, -0.0008904877, -0.0008550794, -0.0007737402, 3.00861e-05, 0.0002457318, 0.0002723184, 0.0005922494, 0.0006335235, 0.0007412668, 0.0026862334, 0.0032409288, 0.0033460893, 0.0244322736], "yvalues": [0.5405405405405406, 0.5810810810810811, 0.5945945945945945, 0.5945945945945945, 0.5945945945945945, 0.6081081081081081, 0.5945945945945945, 0.6081081081081081, 0.6081081081081081, 0.5945945945945945, 0.6216216216216216, 0.5945945945945945, 0.5810810810810811, 0.6081081081081081, 0.6216216216216216, 0.6081081081081081, 0.5945945945945945, 0.5945945945945945, 0.7027027027027026], "class_name": "lstPexMuscstrength_ElbowFlex", "special": 14}