{"xvalues": [-0.0062870393, -0.0040385124, -0.00169702, -0.0006223053, -0.0004591378, -0.0002874545, -1.84033e-05, 0.0014175867, 0.0015702973, 0.0026024461, 0.0039285314, 0.0061494339, 0.0065184295, 0.007432184, 0.0106781083, 0.0137669564], "yvalues": [0.5714285714285714, 0.5714285714285714, 0.6, 0.6857142857142857, 0.6857142857142857, 0.7428571428571429, 0.7142857142857143, 0.7142857142857143, 0.7142857142857143, 0.6571428571428571, 0.6857142857142857, 0.7142857142857143, 0.7142857142857143, 0.48571428571428577, 0.6571428571428571, 0.6285714285714286], "class_name": "lstPexMuscstrength_ShoulderAbduc", "special": 5}