{"xvalues": [-0.0063946432, -0.0042029242, -0.0024320751, -0.0023511665, -0.002154634, -0.002127394, -0.0014051323, -0.0009717605, -0.0007052911, -0.0006147157, 0.0004201881, 0.0004352042, 0.0004527246, 0.0010479027, 0.0024182439, 0.0030892457, 0.0045610616], "yvalues": [0.6521739130434783, 0.6739130434782609, 0.6956521739130435, 0.6739130434782609, 0.6956521739130435, 0.6739130434782609, 0.6956521739130435, 0.6956521739130435, 0.6956521739130435, 0.6956521739130435, 0.6956521739130435, 0.7173913043478262, 0.6739130434782609, 0.6739130434782609, 0.6956521739130435, 0.6956521739130435, 0.5217391304347826], "class_name": "lstPexMuscstrength_ElbowFlex", "special": 15}