{"xvalues": [-0.0066675223, -0.0049055053, -0.0041715631, -0.0039459433, -0.0031486876, -0.0025798569, -0.0023669093, -0.0019424227, -0.0018376846, -0.0001815085, -9.98892e-05, 0.0004625404, 0.0011513624, 0.0012483543, 0.0015850969, 0.0034165149, 0.0047031338], "yvalues": [0.41025641025641024, 0.41025641025641024, 0.41025641025641024, 0.4358974358974359, 0.4358974358974359, 0.5384615384615384, 0.5641025641025641, 0.5897435897435898, 0.5897435897435898, 0.5384615384615384, 0.5128205128205128, 0.6153846153846154, 0.5897435897435898, 0.5897435897435898, 0.5384615384615384, 0.5384615384615384, 0.6153846153846154], "class_name": "lstPexMuscstrength_ShoulderExrot", "special": 13}