{"number of trainning instances": 17, "number of selected attributes": 8, "selected attributes": ["Bpsurgery_time_v2", "Status_Explor_v1", "equInjTbpiAgeClasY_v1", "mulPexDiagnosis_v1", "mulTransfSite[Donator_I]_v2", "mulTransfSite[Donator_Ph]_v2", "mulTransfSite[Donator_Ul]_v2", "mulTransfSite[Receptor_Ss]_v2"], "class attribute": "yonPexPain", "accuracy (%)": 52.94117647058824, "accuracy standard deviation": 0.4991341984846218, "true positive": 3, "false positive": 4, "true negative": 6, "false negative": 4, "satisfactory recovery - precision": 0.42857142857142855, "satisfactory recovery - recall": 0.42857142857142855, "satisfactory recovery - specificity": 0.6, "satisfactory recovery - f-measure": 0.42857142857142855, "unsatisfactory recovery - precision": 0.6, "unsatisfactory recovery - recall": 0.6, "unsatisfactory recovery - specificity": 0.42857142857142855, "unsatisfactory recovery - f-measure": 0.6, "number of initial attributes": 15, "initial attributes, % of missing": {"Bpsurgery_time_v2": 0.0, "Bpsurgery_yon_type": 23.52941176470588, "Status_Explor_v1": 41.17647058823529, "equInjTbpiAgeClasY_v1": 0.0, "lstInjSkuBra_v2": 29.411764705882355, "lstInjTpbiSide": 0.0, "mulInjTbpiCauseSide[Motorcycle]_v1": 0.0, "mulPexDiagnosis_v1": 11.76470588235294, "mulTransfSite[Donator_Ac]_v2": 23.52941176470588, "mulTransfSite[Donator_I]_v2": 23.52941176470588, "mulTransfSite[Donator_Ph]_v2": 23.52941176470588, "mulTransfSite[Donator_Ul]_v2": 23.52941176470588, "mulTransfSite[Receptor_Mc]_v2": 23.52941176470588, "mulTransfSite[Receptor_Ss]_v2": 23.52941176470588, "yonInjOrthesisSide_v2": 70.58823529411765}, "initial attributes, importance": {"Bpsurgery_time_v2": 0.01862012359432879, "Bpsurgery_yon_type": -0.006563694544004363, "Status_Explor_v1": 0.0016107142717114837, "equInjTbpiAgeClasY_v1": 0.012439550185201063, "lstInjSkuBra_v2": 0.0008488856850478646, "lstInjTpbiSide": -0.0016849392026356636, "mulInjTbpiCauseSide[Motorcycle]_v1": -0.00603116519553232, "mulPexDiagnosis_v1": 0.029246142368165026, "mulTransfSite[Donator_Ac]_v2": -2.2252132206611743e-05, "mulTransfSite[Donator_I]_v2": 0.003320227831184461, "mulTransfSite[Donator_Ph]_v2": 0.0013581227732044627, "mulTransfSite[Donator_Ul]_v2": 0.007794704924561309, "mulTransfSite[Receptor_Mc]_v2": -0.0028131107672023014, "mulTransfSite[Receptor_Ss]_v2": 0.00796341628032937, "yonInjOrthesisSide_v2": -0.0002741468513020086}}