{"number of trainning instances": 13, "number of selected attributes": 4, "selected attributes": ["Bpsurgery_time_v2", "equInjTbpiAgeClasY_v1", "mulTransfSite[Donator_Ac]_v2", "mulTransfSite[Donator_Ul]_v2"], "class attribute": "lstPexMuscstrength_ElbowFlex", "accuracy (%)": 76.92307692307693, "accuracy standard deviation": 0.4213250442347432, "true positive": 3, "false positive": 0, "true negative": 7, "false negative": 3, "satisfactory recovery - precision": 1.0, "satisfactory recovery - recall": 0.5, "satisfactory recovery - specificity": 1.0, "satisfactory recovery - f-measure": 0.6666666666666666, "unsatisfactory recovery - precision": 0.7, "unsatisfactory recovery - recall": 1.0, "unsatisfactory recovery - specificity": 0.5, "unsatisfactory recovery - f-measure": 0.8235294117647058, "number of initial attributes": 15, "initial attributes, % of missing": {"Bpsurgery_time_v2": 0.0, "Bpsurgery_yon_type": 23.076923076923077, "Status_Explor_v1": 38.46153846153847, "equInjTbpiAgeClasY_v1": 0.0, "lstInjSkuBra_v2": 23.076923076923077, "lstInjTpbiSide": 0.0, "mulInjTbpiCauseSide[Motorcycle]_v1": 0.0, "mulPexDiagnosis_v1": 0.0, "mulTransfSite[Donator_Ac]_v2": 23.076923076923077, "mulTransfSite[Donator_I]_v2": 23.076923076923077, "mulTransfSite[Donator_Ph]_v2": 23.076923076923077, "mulTransfSite[Donator_Ul]_v2": 23.076923076923077, "mulTransfSite[Receptor_Mc]_v2": 23.076923076923077, "mulTransfSite[Receptor_Ss]_v2": 23.076923076923077, "yonInjOrthesisSide_v2": 61.53846153846154}, "initial attributes, importance": {"Bpsurgery_time_v2": 0.034046647813294494, "Bpsurgery_yon_type": 0.013722002852176833, "Status_Explor_v1": 0.0022136407883258514, "equInjTbpiAgeClasY_v1": 0.03060271755172778, "lstInjSkuBra_v2": 0.0036838786088936037, "lstInjTpbiSide": 0.0020530750992658604, "mulInjTbpiCauseSide[Motorcycle]_v1": -0.000574799325849116, "mulPexDiagnosis_v1": 0.014819683682311166, "mulTransfSite[Donator_Ac]_v2": 0.030513230687195893, "mulTransfSite[Donator_I]_v2": 0.00772247015798306, "mulTransfSite[Donator_Ph]_v2": 0.005268265028313016, "mulTransfSite[Donator_Ul]_v2": 0.024902792335305842, "mulTransfSite[Receptor_Mc]_v2": 0.0030013777464287356, "mulTransfSite[Receptor_Ss]_v2": 0.01967666539952087, "yonInjOrthesisSide_v2": -5.508055897977925e-06}}