{"xvalues": [-0.0027271222, -0.0026190651, -0.0020427359, -0.0018355791, -0.0008863364, -0.0008226629, -0.0001886156, -0.000138981, -0.0001170734, 0.0004115697, 0.0012149019, 0.0018114788, 0.0021027043, 0.0026508514, 0.0031056122, 0.0032332515, 0.0056646152, 0.007228235, 0.0074750225], "yvalues": [0.6415094339622642, 0.6415094339622642, 0.6415094339622642, 0.679245283018868, 0.6226415094339622, 0.6415094339622642, 0.6415094339622642, 0.6603773584905661, 0.6415094339622642, 0.6603773584905661, 0.679245283018868, 0.7169811320754718, 0.7358490566037736, 0.6415094339622642, 0.7169811320754718, 0.6603773584905661, 0.6415094339622642, 0.6603773584905661, 0.4528301886792453], "class_name": "lstPexMuscstrength_ShoulderExrot", "special": 14}