{"xvalues": [-0.0011107449, -0.0010367935, -9.28963e-05, 0.0001051953, 0.0001817114, 0.0007008574, 0.0007329947, 0.0007926291, 0.0012785361, 0.0013554007, 0.0014482709, 0.0018097613, 0.0019687295, 0.0040857792, 0.0061421264, 0.0068170414, 0.0084257981, 0.0145633012, 0.01701676], "yvalues": [0.7837837837837838, 0.7837837837837838, 0.7837837837837838, 0.7837837837837838, 0.7837837837837838, 0.7837837837837838, 0.7837837837837838, 0.7837837837837838, 0.7567567567567568, 0.7297297297297297, 0.7567567567567568, 0.7297297297297297, 0.7297297297297297, 0.7297297297297297, 0.7567567567567568, 0.7567567567567568, 0.7567567567567568, 0.7567567567567568, 0.6486486486486487], "class_name": "lstPexMuscstrength_ShoulderAbduc", "special": 7}