{"number of trainning instances": 39, "number of selected attributes": 3, "selected attributes": ["Bpsurgery_time_v2", "equInjTbpiAgeClasY_v1", "mulPexDiagnosis_v1"], "class attribute": "lstPexMuscstrength_ElbowFlex", "accuracy (%)": 66.66666666666666, "accuracy standard deviation": 0.4714045207910316, "true positive": 12, "false positive": 7, "true negative": 14, "false negative": 6, "satisfactory recovery - precision": 0.631578947368421, "satisfactory recovery - recall": 0.6666666666666666, "satisfactory recovery - specificity": 0.6666666666666666, "satisfactory recovery - f-measure": 0.6486486486486486, "unsatisfactory recovery - precision": 0.7, "unsatisfactory recovery - recall": 0.6666666666666666, "unsatisfactory recovery - specificity": 0.6666666666666666, "unsatisfactory recovery - f-measure": 0.6829268292682926, "number of initial attributes": 19, "initial attributes, % of missing": {"Bpsurgery_time_v2": 0.0, "Bpsurgery_yon_type": 46.15384615384615, "Status_Explor_v1": 56.41025641025641, "equInjTbpiAgeClasY_v1": 0.0, "lstInjSkuBra_v2": 30.76923076923077, "lstInjTpbiSide": 0.0, "lstInjUppLimScaGirSide_v2": 53.84615384615385, "mulInjTbpiCauseSide[Motorcycle]_v1": 0.0, "mulPexDiagnosis_v1": 2.564102564102564, "mulTransfSite[Donator_Ac]_v2": 46.15384615384615, "mulTransfSite[Donator_I]_v2": 46.15384615384615, "mulTransfSite[Donator_Ph]_v2": 46.15384615384615, "mulTransfSite[Donator_Ul]_v2": 46.15384615384615, "mulTransfSite[Receptor_Mc]_v2": 46.15384615384615, "mulTransfSite[Receptor_Ss]_v2": 46.15384615384615, "yonInjOrthesisSide_v2": 56.41025641025641, "yonInjPhysio": 58.97435897435898, "yonPexPainTime1_v2": 76.92307692307693, "yonPexPainTime2_v2": 66.66666666666666}, "initial attributes, importance": {"Bpsurgery_time_v2": 0.0240346842948196, "Bpsurgery_yon_type": 0.002238073863386641, "Status_Explor_v1": 0.00042579537808103433, "equInjTbpiAgeClasY_v1": 0.022375851008195165, "lstInjSkuBra_v2": 0.0013248979025005047, "lstInjTpbiSide": -0.0007193183012817849, "lstInjUppLimScaGirSide_v2": -0.0008956120336468694, "mulInjTbpiCauseSide[Motorcycle]_v1": 0.0024616340239686147, "mulPexDiagnosis_v1": 0.026775782865552277, "mulTransfSite[Donator_Ac]_v2": 0.0028192199880762124, "mulTransfSite[Donator_I]_v2": 0.005516576714145828, "mulTransfSite[Donator_Ph]_v2": 0.0022366753213272626, "mulTransfSite[Donator_Ul]_v2": 0.009207072888953628, "mulTransfSite[Receptor_Mc]_v2": 0.0015115088132158915, "mulTransfSite[Receptor_Ss]_v2": 0.0016029099506245695, "yonInjOrthesisSide_v2": 0.00269829001773382, "yonInjPhysio": 5.061950626940994e-05, "yonPexPainTime1_v2": 0.0005393920361578409, "yonPexPainTime2_v2": 0.0012965595274251175}}