{"number of trainning instances": 37, "number of selected attributes": 12, "selected attributes": ["Bpsurgery_time_v2", "Bpsurgery_yon_type", "equInjTbpiAgeClasY_v1", "lstInjSkuBra_v2", "lstInjTpbiSide", "lstInjUppLimScaGirSide_v2", "mulInjTbpiCauseSide[Motorcycle]_v1", "mulPexDiagnosis_v1", "mulTransfSite[Donator_Ac]_v2", "mulTransfSite[Donator_I]_v2", "mulTransfSite[Donator_Ul]_v2", "mulTransfSite[Receptor_Mc]_v2"], "class attribute": "lstPexMuscstrength_ShoulderAbduc", "accuracy (%)": 75.67567567567568, "accuracy standard deviation": 0.42904075314560924, "true positive": 6, "false positive": 1, "true negative": 22, "false negative": 8, "satisfactory recovery - precision": 0.8571428571428571, "satisfactory recovery - recall": 0.42857142857142855, "satisfactory recovery - specificity": 0.9565217391304348, "satisfactory recovery - f-measure": 0.5714285714285714, "unsatisfactory recovery - precision": 0.7333333333333333, "unsatisfactory recovery - recall": 0.9565217391304348, "unsatisfactory recovery - specificity": 0.42857142857142855, "unsatisfactory recovery - f-measure": 0.8301886792452831, "number of initial attributes": 19, "initial attributes, % of missing": {"Bpsurgery_time_v2": 0.0, "Bpsurgery_yon_type": 48.64864864864865, "Status_Explor_v1": 59.45945945945946, "equInjTbpiAgeClasY_v1": 0.0, "lstInjSkuBra_v2": 29.72972972972973, "lstInjTpbiSide": 0.0, "lstInjUppLimScaGirSide_v2": 51.35135135135135, "mulInjTbpiCauseSide[Motorcycle]_v1": 0.0, "mulPexDiagnosis_v1": 2.7027027027027026, "mulTransfSite[Donator_Ac]_v2": 48.64864864864865, "mulTransfSite[Donator_I]_v2": 48.64864864864865, "mulTransfSite[Donator_Ph]_v2": 48.64864864864865, "mulTransfSite[Donator_Ul]_v2": 48.64864864864865, "mulTransfSite[Receptor_Mc]_v2": 48.64864864864865, "mulTransfSite[Receptor_Ss]_v2": 48.64864864864865, "yonInjOrthesisSide_v2": 56.75675675675676, "yonInjPhysio": 59.45945945945946, "yonPexPainTime1_v2": 75.67567567567568, "yonPexPainTime2_v2": 67.56756756756756}, "initial attributes, importance": {"Bpsurgery_time_v2": 0.0068170414202207855, "Bpsurgery_yon_type": 0.004085779233349721, "Status_Explor_v1": -0.0010367934513105478, "equInjTbpiAgeClasY_v1": 0.014563301292455477, "lstInjSkuBra_v2": 0.001448270971366352, "lstInjTpbiSide": 0.0013554007480222241, "lstInjUppLimScaGirSide_v2": 0.0012785361603597956, "mulInjTbpiCauseSide[Motorcycle]_v1": 0.008425798134856331, "mulPexDiagnosis_v1": 0.017016760008961594, "mulTransfSite[Donator_Ac]_v2": 0.006142126454064077, "mulTransfSite[Donator_I]_v2": 0.0018097613040624432, "mulTransfSite[Donator_Ph]_v2": 0.00010519539463750622, "mulTransfSite[Donator_Ul]_v2": 0.0019687295164199773, "mulTransfSite[Receptor_Mc]_v2": 0.0007926291780520933, "mulTransfSite[Receptor_Ss]_v2": 0.0007008574393097488, "yonInjOrthesisSide_v2": 0.0007329947581897191, "yonInjPhysio": -0.001110744861494711, "yonPexPainTime1_v2": -9.289625726338383e-05, "yonPexPainTime2_v2": 0.0001817114054666544}}