{"number of trainning instances": 45, "number of selected attributes": 5, "selected attributes": ["Bpsurgery_time_v2", "equInjTbpiAgeClasY_v1", "lstInjTpbiSide", "lstInjUppLimScaGirSide_v2", "mulPexDiagnosis_v1"], "class attribute": "yonPexPain", "accuracy (%)": 73.33333333333333, "accuracy standard deviation": 0.4422166387140533, "true positive": 17, "false positive": 9, "true negative": 16, "false negative": 3, "satisfactory recovery - precision": 0.6538461538461539, "satisfactory recovery - recall": 0.85, "satisfactory recovery - specificity": 0.64, "satisfactory recovery - f-measure": 0.7391304347826088, "unsatisfactory recovery - precision": 0.8421052631578947, "unsatisfactory recovery - recall": 0.64, "unsatisfactory recovery - specificity": 0.85, "unsatisfactory recovery - f-measure": 0.7272727272727272, "number of initial attributes": 19, "initial attributes, % of missing": {"Bpsurgery_time_v2": 2.2222222222222223, "Bpsurgery_yon_type": 44.44444444444444, "Status_Explor_v1": 57.77777777777777, "equInjTbpiAgeClasY_v1": 0.0, "lstInjSkuBra_v2": 33.33333333333333, "lstInjTpbiSide": 0.0, "lstInjUppLimScaGirSide_v2": 53.333333333333336, "mulInjTbpiCauseSide[Motorcycle]_v1": 0.0, "mulPexDiagnosis_v1": 8.88888888888889, "mulTransfSite[Donator_Ac]_v2": 44.44444444444444, "mulTransfSite[Donator_I]_v2": 44.44444444444444, "mulTransfSite[Donator_Ph]_v2": 44.44444444444444, "mulTransfSite[Donator_Ul]_v2": 44.44444444444444, "mulTransfSite[Receptor_Mc]_v2": 44.44444444444444, "mulTransfSite[Receptor_Ss]_v2": 44.44444444444444, "yonInjOrthesisSide_v2": 62.22222222222222, "yonInjPhysio": 64.44444444444444, "yonPexPainTime1_v2": 80.0, "yonPexPainTime2_v2": 66.66666666666666}, "initial attributes, importance": {"Bpsurgery_time_v2": 0.026201994018360462, "Bpsurgery_yon_type": 0.0026886096057922144, "Status_Explor_v1": 0.004771947038343963, "equInjTbpiAgeClasY_v1": 0.008624162952208183, "lstInjSkuBra_v2": 0.001965091777092223, "lstInjTpbiSide": 0.007411492932477587, "lstInjUppLimScaGirSide_v2": 0.006620666563301828, "mulInjTbpiCauseSide[Motorcycle]_v1": -0.002736419566848524, "mulPexDiagnosis_v1": 0.014765441687956739, "mulTransfSite[Donator_Ac]_v2": 0.0025238411546227362, "mulTransfSite[Donator_I]_v2": 0.005340505393366347, "mulTransfSite[Donator_Ph]_v2": 0.0022096734218087014, "mulTransfSite[Donator_Ul]_v2": 0.005957505807721531, "mulTransfSite[Receptor_Mc]_v2": 0.0004485494164225085, "mulTransfSite[Receptor_Ss]_v2": 0.0049987445059457535, "yonInjOrthesisSide_v2": -0.00030467496301452306, "yonInjPhysio": 0.001151070838189017, "yonPexPainTime1_v2": 5.567242358088529e-06, "yonPexPainTime2_v2": 0.000989553949160788}}