{"number of trainning instances": 32, "number of selected attributes": 1, "selected attributes": ["mulInjTbpiCauseSide[Motorcycle]_v1"], "class attribute": "lstPexMuscstrength_ShoulderExrot", "accuracy (%)": 78.125, "accuracy standard deviation": 0.41339864235384227, "true positive": 7, "false positive": 2, "true negative": 18, "false negative": 5, "satisfactory recovery - precision": 0.7777777777777778, "satisfactory recovery - recall": 0.5833333333333334, "satisfactory recovery - specificity": 0.9, "satisfactory recovery - f-measure": 0.6666666666666666, "unsatisfactory recovery - precision": 0.782608695652174, "unsatisfactory recovery - recall": 0.9, "unsatisfactory recovery - specificity": 0.5833333333333334, "unsatisfactory recovery - f-measure": 0.8372093023255814, "number of initial attributes": 19, "initial attributes, % of missing": {"Bpsurgery_time_v2": 0.0, "Bpsurgery_yon_type": 50.0, "Status_Explor_v1": 59.375, "equInjTbpiAgeClasY_v1": 0.0, "lstInjSkuBra_v2": 34.375, "lstInjTpbiSide": 0.0, "lstInjUppLimScaGirSide_v2": 43.75, "mulInjTbpiCauseSide[Motorcycle]_v1": 0.0, "mulPexDiagnosis_v1": 3.125, "mulTransfSite[Donator_Ac]_v2": 50.0, "mulTransfSite[Donator_I]_v2": 50.0, "mulTransfSite[Donator_Ph]_v2": 50.0, "mulTransfSite[Donator_Ul]_v2": 50.0, "mulTransfSite[Receptor_Mc]_v2": 50.0, "mulTransfSite[Receptor_Ss]_v2": 50.0, "yonInjOrthesisSide_v2": 53.125, "yonInjPhysio": 56.25, "yonPexPainTime1_v2": 75.0, "yonPexPainTime2_v2": 62.5}, "initial attributes, importance": {"Bpsurgery_time_v2": 0.00039024988875018874, "Bpsurgery_yon_type": -0.0022174294855758564, "Status_Explor_v1": -0.0003322896207194347, "equInjTbpiAgeClasY_v1": 0.009908640205580825, "lstInjSkuBra_v2": -0.0002501537134298081, "lstInjTpbiSide": -0.005264818165238082, "lstInjUppLimScaGirSide_v2": 0.003077440880455277, "mulInjTbpiCauseSide[Motorcycle]_v1": 0.03128295111318514, "mulPexDiagnosis_v1": 0.00749737304037694, "mulTransfSite[Donator_Ac]_v2": -0.0021082171178151985, "mulTransfSite[Donator_I]_v2": -0.00206403523380128, "mulTransfSite[Donator_Ph]_v2": -0.0010138602427144717, "mulTransfSite[Donator_Ul]_v2": -0.002148052995683469, "mulTransfSite[Receptor_Mc]_v2": 0.0004308775829471688, "mulTransfSite[Receptor_Ss]_v2": -0.002757328620855915, "yonInjOrthesisSide_v2": 0.0015634064537408858, "yonInjPhysio": -0.0004635882555423645, "yonPexPainTime1_v2": -0.00014189297782579127, "yonPexPainTime2_v2": 9.622756600860983e-05}}