{"xvalues": [-0.0008956121, -0.0007193184, 5.06195e-05, 0.0004257953, 0.000539392, 0.0012965595, 0.0013248979, 0.0015115088, 0.0016029099, 0.0022366753, 0.0022380738, 0.002461634, 0.00269829, 0.0028192199, 0.0055165767, 0.0092070728, 0.022375851, 0.0240346842, 0.0267757828], "yvalues": [0.641025641025641, 0.641025641025641, 0.6666666666666667, 0.6666666666666667, 0.6666666666666667, 0.6666666666666667, 0.6153846153846154, 0.641025641025641, 0.6923076923076923, 0.717948717948718, 0.717948717948718, 0.717948717948718, 0.717948717948718, 0.717948717948718, 0.717948717948718, 0.6923076923076923, 0.6923076923076923, 0.5897435897435898, 0.717948717948718], "class_name": "lstPexMuscstrength_ElbowFlex", "special": 16}