{"xvalues": [-0.0046057458, -0.0029045697, -0.0027414706, -0.0026106928, -0.0016996235, -0.0016235796, -0.0014397968, -0.001108133, -0.0007817026, -0.000338687, 1.68303e-05, 0.0004938139, 0.0005400522, 0.0007161445, 0.000741466, 0.0044373452, 0.0073668358], "yvalues": [0.7631578947368421, 0.7631578947368421, 0.7631578947368421, 0.7631578947368421, 0.7631578947368421, 0.7631578947368421, 0.7631578947368421, 0.7631578947368421, 0.7631578947368421, 0.7631578947368421, 0.7631578947368421, 0.7631578947368421, 0.7631578947368421, 0.7631578947368421, 0.7631578947368421, 0.7631578947368421, 0.7631578947368421], "class_name": "yonPexPain", "special": -1}