{"xvalues": [-0.0084725664, -0.0007715075, -0.0007086315, -0.0004068689, -0.0004022701, -0.000224301, -0.0001351991, 0.0004697361, 0.0005483535, 0.0014985492, 0.0028753693, 0.0035083924, 0.0040621527, 0.0046820871, 0.0065972647, 0.010420234, 0.025615093], "yvalues": [0.5853658536585367, 0.6341463414634146, 0.6341463414634146, 0.5853658536585367, 0.6341463414634146, 0.6585365853658536, 0.6585365853658536, 0.6829268292682926, 0.6585365853658536, 0.6829268292682926, 0.7560975609756098, 0.7560975609756098, 0.7073170731707317, 0.7073170731707317, 0.7317073170731707, 0.6585365853658536, 0.7560975609756098], "class_name": "lstPexMuscstrength_ShoulderAbduc", "special": 13}