{"Bpsurgery_time_v2": 0.01811443030261529, "Bpsurgery_yon_type": 0.002551568242758391, "Status_Explor_v1": 2.284086869558442e-05, "equInjTbpiAgeClasY_v1": 0.0208455432136755, "lstInjSkuBra_v2": 0.005961529688048404, "lstInjTpbiSide": -0.0022541183575772315, "lstInjUppLimScaGirSide_v2": -0.001111083394356913, "mulInjTbpiCauseSide[Motorcycle]_v1": 0.002951678674305664, "mulPexDiagnosis_v1": 0.017125793337199036, "mulTransfSite[Donator_Ac]_v2": 0.003449168366183055, "mulTransfSite[Donator_I]_v2": 0.006296017460744898, "mulTransfSite[Donator_Ph]_v2": 0.001588598932992496, "mulTransfSite[Donator_Ul]_v2": 0.013686852860405713, "mulTransfSite[Receptor_Mc]_v2": 0.0007658500895364358, "mulTransfSite[Receptor_Ss]_v2": 0.0012411237905938911, "yonInjOrthesisSide_v2": 0.002316969837757986, "yonInjPhysio": 0.0004055536674261796, "yonPexPainTime1_v2": 0.0002611408880179417, "yonPexPainTime2_v2": 0.0006593545717222523}