{"Bpsurgery_time_v2": 0.026552467306594444, "Bpsurgery_yon_type": 0.0025411042333963203, "Status_Explor_v1": 0.004741251718576263, "equInjTbpiAgeClasY_v1": 0.008797582186063937, "lstInjSkuBra_v2": 0.002304455428370581, "lstInjTpbiSide": 0.006702809992366321, "lstInjUppLimScaGirSide_v2": 0.0065935403578436125, "mulInjTbpiCauseSide[Motorcycle]_v1": -0.002945702355992431, "mulPexDiagnosis_v1": 0.01480417288721355, "mulTransfSite[Donator_Ac]_v2": 0.0022863458670322042, "mulTransfSite[Donator_I]_v2": 0.005615990482436193, "mulTransfSite[Donator_Ph]_v2": 0.0022901031658965295, "mulTransfSite[Donator_Ul]_v2": 0.006014075225245901, "mulTransfSite[Receptor_Mc]_v2": 8.016250102146643e-05, "mulTransfSite[Receptor_Ss]_v2": 0.005151111219008068, "yonInjOrthesisSide_v2": -0.00021740640097530126, "yonInjPhysio": 0.0015023667244422254, "yonPexPainTime1_v2": 2.1473497820952816e-06, "yonPexPainTime2_v2": 0.0009228555062162322}