{"Bpsurgery_time_v2": 0.003368167658509589, "Bpsurgery_yon_type": -0.001951321557200381, "Status_Explor_v1": -0.0012935575222617806, "equInjTbpiAgeClasY_v1": 0.01323078869629561, "lstInjSkuBra_v2": -0.0009168021290846722, "lstInjTpbiSide": -0.005259219817708121, "lstInjUppLimScaGirSide_v2": 0.0024010698609528832, "mulInjTbpiCauseSide[Motorcycle]_v1": 0.03555349167706707, "mulPexDiagnosis_v1": 0.01741668757559956, "mulTransfSite[Donator_Ac]_v2": -0.0014043754352692562, "mulTransfSite[Donator_I]_v2": -0.0014745962007509693, "mulTransfSite[Donator_Ph]_v2": -0.0006734416908382114, "mulTransfSite[Donator_Ul]_v2": 0.0011380201371203164, "mulTransfSite[Receptor_Mc]_v2": -0.0014279859201874793, "mulTransfSite[Receptor_Ss]_v2": -0.0016193565704663475, "yonInjOrthesisSide_v2": 0.0029399900281348985, "yonInjPhysio": -0.0009635937031707875, "yonPexPainTime1_v2": 4.731475727276565e-05, "yonPexPainTime2_v2": 0.00022007879476385782}