{"Bpsurgery_time_v2": 0.006439264206210818, "Bpsurgery_yon_type": 0.0038553954546756007, "Status_Explor_v1": -0.0012623725671116195, "equInjTbpiAgeClasY_v1": 0.015017363316103587, "lstInjSkuBra_v2": 0.0013509222807363177, "lstInjTpbiSide": 0.00111403624481009, "lstInjUppLimScaGirSide_v2": 0.001340417317621876, "mulInjTbpiCauseSide[Motorcycle]_v1": 0.007822794126933305, "mulPexDiagnosis_v1": 0.017052232299982772, "mulTransfSite[Donator_Ac]_v2": 0.006261769841553894, "mulTransfSite[Donator_I]_v2": 0.0020778715523766507, "mulTransfSite[Donator_Ph]_v2": -9.832394715418111e-05, "mulTransfSite[Donator_Ul]_v2": 0.0017723257843233842, "mulTransfSite[Receptor_Mc]_v2": 0.0006584811737781143, "mulTransfSite[Receptor_Ss]_v2": 0.0007048289447809543, "yonInjOrthesisSide_v2": 0.0006234684483034811, "yonInjPhysio": -0.0010001211860839933, "yonPexPainTime1_v2": -0.00010005214444326626, "yonPexPainTime2_v2": 0.00017912775681221994}