{"Bpsurgery_time_v2": -0.0026082783443311343, "Bpsurgery_yon_type": 0.0010523023600408125, "Status_Explor_v1": -0.002236024589953804, "equInjTbpiAgeClasY_v1": 0.021426381390388584, "lstInjSkuBra_v2": 0.005496849348079102, "lstInjTpbiSide": 0.005042858095047655, "mulInjTbpiCauseSide[Motorcycle]_v1": -0.0005161634339798707, "mulPexDiagnosis_v1": -0.008688395654202492, "mulTransfSite[Donator_Ac]_v2": 0.023641015386666266, "mulTransfSite[Donator_I]_v2": 0.0027855967268084836, "mulTransfSite[Donator_Ph]_v2": -0.00039294705161531797, "mulTransfSite[Donator_Ul]_v2": 0.013802265187988048, "mulTransfSite[Receptor_Mc]_v2": -0.0016678715538943495, "mulTransfSite[Receptor_Ss]_v2": 0.010461599987694772, "yonInjOrthesisSide_v2": 0.00024789913812109377}