{"Bpsurgery_time_v2": -0.008374991668333004, "Bpsurgery_yon_type": 0.006542691461707661, "Status_Explor_v1": 0.0017247661578795354, "equInjTbpiAgeClasY_v1": 0.01377391188428981, "lstInjSkuBra_v2": -0.0020470905818836234, "lstInjTpbiSide": -0.006684663067386521, "mulInjTbpiCauseSide[Motorcycle]_v1": -0.005248283676598011, "mulPexDiagnosis_v1": -0.011275744851029796, "mulTransfSite[Donator_Ac]_v2": 0.026337232553489315, "mulTransfSite[Donator_I]_v2": -0.0027669466106778643, "mulTransfSite[Donator_Ph]_v2": -0.00048340331933613266, "mulTransfSite[Donator_Ul]_v2": -0.006921615676864629, "mulTransfSite[Receptor_Mc]_v2": -0.0045795840831833615, "mulTransfSite[Receptor_Ss]_v2": 0.008294341131773651, "yonInjOrthesisSide_v2": 0.007324090737408073}