{"Bpsurgery_time_v2": 0.01862012359432879, "Bpsurgery_yon_type": -0.006563694544004363, "Status_Explor_v1": 0.0016107142717114837, "equInjTbpiAgeClasY_v1": 0.012439550185201063, "lstInjSkuBra_v2": 0.0008488856850478646, "lstInjTpbiSide": -0.0016849392026356636, "mulInjTbpiCauseSide[Motorcycle]_v1": -0.00603116519553232, "mulPexDiagnosis_v1": 0.029246142368165026, "mulTransfSite[Donator_Ac]_v2": -2.2252132206611743e-05, "mulTransfSite[Donator_I]_v2": 0.003320227831184461, "mulTransfSite[Donator_Ph]_v2": 0.0013581227732044627, "mulTransfSite[Donator_Ul]_v2": 0.007794704924561309, "mulTransfSite[Receptor_Mc]_v2": -0.0028131107672023014, "mulTransfSite[Receptor_Ss]_v2": 0.00796341628032937, "yonInjOrthesisSide_v2": -0.0002741468513020086}