{"Bpsurgery_time_v2": 0.034046647813294494, "Bpsurgery_yon_type": 0.013722002852176833, "Status_Explor_v1": 0.0022136407883258514, "equInjTbpiAgeClasY_v1": 0.03060271755172778, "lstInjSkuBra_v2": 0.0036838786088936037, "lstInjTpbiSide": 0.0020530750992658604, "mulInjTbpiCauseSide[Motorcycle]_v1": -0.000574799325849116, "mulPexDiagnosis_v1": 0.014819683682311166, "mulTransfSite[Donator_Ac]_v2": 0.030513230687195893, "mulTransfSite[Donator_I]_v2": 0.00772247015798306, "mulTransfSite[Donator_Ph]_v2": 0.005268265028313016, "mulTransfSite[Donator_Ul]_v2": 0.024902792335305842, "mulTransfSite[Receptor_Mc]_v2": 0.0030013777464287356, "mulTransfSite[Receptor_Ss]_v2": 0.01967666539952087, "yonInjOrthesisSide_v2": -5.508055897977925e-06}