{"Bpsurgery_time_v2": -0.004886559204080902, "Bpsurgery_yon_type": -0.00016746970016751702, "Status_Explor_v1": -0.0016169451358926312, "equInjTbpiAgeClasY_v1": 0.006010703020101287, "lstInjSkuBra_v2": 0.0006916103237210541, "lstInjTpbiSide": -0.004434700157254684, "lstInjUppLimScaGirSide_v2": 0.0006775838127167286, "mulInjTbpiCauseSide[Motorcycle]_v1": 0.013191579937754288, "mulPexDiagnosis_v1": 0.013237365179478483, "mulTransfSite[Donator_Ac]_v2": -0.0022328019740645295, "mulTransfSite[Donator_I]_v2": 0.0013941357828295608, "mulTransfSite[Donator_Ph]_v2": -0.0010527426522860567, "mulTransfSite[Donator_Ul]_v2": 0.00014763856718365043, "mulTransfSite[Receptor_Ax]_v2": 0.0017310707646348926, "mulTransfSite[Receptor_Mc]_v2": 0.0020674496598552215, "mulTransfSite[Receptor_Ss]_v2": -0.0017852301650823639, "yonInjOrthesisSide_v2": 0.0018719798981418376, "yonInjPhysio": 0.00025252020034566633, "yonPexPainTime1_v2": -0.00018601230869166364, "yonPexPainTime2_v2": 0.00045162175312574886}