{"Bpsurgery_time_v2": -0.00035229716256162205, "Bpsurgery_yon_type": 0.00038992841275020695, "Status_Explor_v1": 0.006005391586495984, "equInjTbpiAgeClasY_v1": 0.008718288759596106, "lstInjSkuBra_v2": 0.0004103705410528801, "lstInjTpbiSide": 0.00500631805118206, "lstInjUppLimScaGirSide_v2": 0.007126660521350751, "mulInjTbpiCauseSide[Motorcycle]_v1": -0.0023297455640186233, "mulPexDiagnosis_v1": -0.0005804948416741601, "mulTransfSite[Donator_Ac]_v2": 0.00013091649686232897, "mulTransfSite[Donator_I]_v2": 0.0031948317630477096, "mulTransfSite[Donator_Ph]_v2": 0.0006139559663440272, "mulTransfSite[Donator_Ul]_v2": 0.003017992509260694, "mulTransfSite[Receptor_Ax]_v2": 0.0018955367571893216, "mulTransfSite[Receptor_Mc]_v2": 2.5285171702561175e-05, "mulTransfSite[Receptor_Ss]_v2": 0.00014656843749510375, "yonInjOrthesisSide_v2": -0.00022640972220124063, "yonInjPhysio": -0.0005408746980176594, "yonPexPainTime1_v2": -4.660498757225767e-05, "yonPexPainTime2_v2": 0.0006090933009677015}