{"Bpsurgery_time_v2": -0.001991125342964534, "Bpsurgery_yon_type": 0.00267381099958491, "Status_Explor_v1": -0.0012345450229622904, "equInjTbpiAgeClasY_v1": 0.0040787157048450704, "lstInjSkuBra_v2": 0.002049522659250859, "lstInjTpbiSide": 0.005477848154587969, "lstInjUppLimScaGirSide_v2": -0.0010239758963742096, "mulInjTbpiCauseSide[Motorcycle]_v1": 0.007228231656060173, "mulPexDiagnosis_v1": 0.01081233621572904, "mulTransfSite[Donator_Ac]_v2": 0.005247117052220882, "mulTransfSite[Donator_I]_v2": 0.003173236836913969, "mulTransfSite[Donator_Ph]_v2": -7.132983333770638e-05, "mulTransfSite[Donator_Ul]_v2": 0.003390903159395942, "mulTransfSite[Receptor_Ax]_v2": 0.0038611731736295928, "mulTransfSite[Receptor_Mc]_v2": 0.0037600137261784507, "mulTransfSite[Receptor_Ss]_v2": -0.0008903383141616933, "yonInjOrthesisSide_v2": 0.00011304887008773386, "yonInjPhysio": -0.0007445838211614443, "yonPexPainTime1_v2": -0.00023251826472683277, "yonPexPainTime2_v2": -7.295021310520091e-05}