{"Bpsurgery_time_v2": -0.002194720958123191, "Bpsurgery_yon_type": -0.0018864439607384476, "Status_Explor_v1": 0.004885634116213649, "equInjTbpiAgeClasY_v1": 0.00043278509801972725, "lstInjSkuBra_v2": 0.0009423228497960207, "lstInjTpbiSide": -0.0036670715151218294, "lstInjUppLimScaGirSide_v2": -0.00015196980548821813, "mulInjTbpiCauseSide[Motorcycle]_v1": 0.003241147622029551, "mulPexDiagnosis_v1": 0.015566277895634518, "mulTransfSite[Donator_Ac]_v2": 0.0010799656309848401, "mulTransfSite[Donator_I]_v2": 0.004056522406388638, "mulTransfSite[Donator_Ph]_v2": -0.000792853006021427, "mulTransfSite[Donator_Ul]_v2": 0.0025064179194299184, "mulTransfSite[Receptor_Ax]_v2": -0.00020704476480157234, "mulTransfSite[Receptor_Mc]_v2": -0.000575936810058443, "mulTransfSite[Receptor_Ss]_v2": -0.0016334081525902133, "yonInjOrthesisSide_v2": 0.0004431704904383856, "yonInjPhysio": -0.000214130986335689, "yonPexPainTime1_v2": -5.622228506137412e-09, "yonPexPainTime2_v2": 6.772000503861871e-05}