{"xvalues": [-0.0028848372, -0.0028490488, -0.0021664152, -0.0003363271, -0.0002639727, -3.74273e-05, 0.0015255862, 0.0025287725, 0.0026569157, 0.0030585, 0.0034787435, 0.0036569357, 0.0055882763, 0.0056951428, 0.0104004181, 0.0132364165], "yvalues": [0.6, 0.6, 0.6, 0.6, 0.5714285714285714, 0.6, 0.6285714285714286, 0.6, 0.6571428571428571, 0.5714285714285714, 0.5714285714285714, 0.6571428571428571, 0.6, 0.7142857142857143, 0.5428571428571429, 0.7142857142857143], "class_name": "lstPexMuscstrength_ShoulderAbduc", "special": 11}