{"xvalues": [-0.0074910243, -0.0045251587, -0.0038926795, -0.0034775303, -0.0018416186, -0.0008075396, -0.000407615, 0.0002247544, 0.0007989076, 0.003400677, 0.003491463, 0.0047114609, 0.0064095503, 0.0070899486, 0.0085859102], "yvalues": [0.4642857142857143, 0.5714285714285714, 0.5357142857142857, 0.6071428571428572, 0.6428571428571428, 0.6428571428571428, 0.6071428571428572, 0.5357142857142857, 0.6428571428571428, 0.6071428571428572, 0.6785714285714286, 0.7142857142857143, 0.4285714285714286, 0.4285714285714286, 0.4285714285714286], "class_name": "lstPexMuscstrength_ShoulderAbduc", "special": 10}