{"xvalues": [-0.0021341685, -0.0005236485, -0.0001997379, -6.21248e-05, 0.0005367121, 0.0007840252, 0.0009804185, 0.0010012115, 0.0014298662, 0.0014619464, 0.0020034542, 0.0020322414, 0.0030386665, 0.0031764762, 0.0033838871, 0.0044469537, 0.0053064217, 0.0053221604, 0.0056820294, 0.0058317905], "yvalues": [0.6626506024096386, 0.6746987951807228, 0.6867469879518072, 0.6867469879518072, 0.6867469879518072, 0.6626506024096386, 0.6626506024096386, 0.6867469879518072, 0.6626506024096386, 0.6506024096385542, 0.6506024096385542, 0.6626506024096386, 0.6626506024096386, 0.6506024096385542, 0.7108433734939759, 0.7349397590361446, 0.7228915662650602, 0.7228915662650602, 0.6987951807228916, 0.5301204819277108], "class_name": "yonPexPain", "special": 15}