{"number of trainning instances": 41, "number of selected attributes": 4, "selected attributes": ["lstInjTpbiSide", "mulTransfSite[Donator_Ac]_v2", "mulTransfSite[Donator_Ul]_v2", "mulTransfSite[Receptor_Ax]_v2"], "class attribute": "lstPexMuscstrength_ShoulderAbduc", "accuracy (%)": 70.73170731707317, "accuracy standard deviation": 0.45499410015067393, "true positive": 8, "false positive": 6, "true negative": 21, "false negative": 6, "satisfactory recovery - precision": 0.5714285714285714, "satisfactory recovery - recall": 0.5714285714285714, "satisfactory recovery - specificity": 0.7777777777777778, "satisfactory recovery - f-measure": 0.5714285714285714, "unsatisfactory recovery - precision": 0.7777777777777778, "unsatisfactory recovery - recall": 0.7777777777777778, "unsatisfactory recovery - specificity": 0.5714285714285714, "unsatisfactory recovery - f-measure": 0.7777777777777778, "number of initial attributes": 17, "initial attributes, % of missing": {"Bpsurgery_time_v2": 0.0, "Bpsurgery_yon_type": 17.073170731707318, "Status_Explor_v1": 24.390243902439025, "equInjTbpiAgeClasY_v1": 0.0, "lstInjSkuBra_v2": 21.951219512195124, "lstInjTpbiSide": 0.0, "lstInjUppLimScaGirSide_v2": 43.90243902439025, "mulInjTbpiCauseSide[Motorcycle]_v1": 0.0, "mulPexDiagnosis_v1": 0.0, "mulTransfSite[Donator_Ac]_v2": 17.073170731707318, "mulTransfSite[Donator_I]_v2": 17.073170731707318, "mulTransfSite[Donator_Ph]_v2": 17.073170731707318, "mulTransfSite[Donator_Ul]_v2": 17.073170731707318, "mulTransfSite[Receptor_Ax]_v2": 17.073170731707318, "mulTransfSite[Receptor_Mc]_v2": 17.073170731707318, "mulTransfSite[Receptor_Ss]_v2": 17.073170731707318, "yonInjOrthesisSide_v2": 78.04878048780488}, "initial attributes, importance": {"Bpsurgery_time_v2": -0.00013519901845177984, "Bpsurgery_yon_type": -0.0007086314983077089, "Status_Explor_v1": -0.0007715074936804191, "equInjTbpiAgeClasY_v1": -0.008472566316103491, "lstInjSkuBra_v2": 0.0005483535206239158, "lstInjTpbiSide": 0.0046820871217815325, "lstInjUppLimScaGirSide_v2": 0.0014985492034013455, "mulInjTbpiCauseSide[Motorcycle]_v1": -0.00040686887597505455, "mulPexDiagnosis_v1": -0.0004022700621380885, "mulTransfSite[Donator_Ac]_v2": 0.010420234004253806, "mulTransfSite[Donator_I]_v2": 0.004062152790670499, "mulTransfSite[Donator_Ph]_v2": 0.002875369369216939, "mulTransfSite[Donator_Ul]_v2": 0.025615093091558815, "mulTransfSite[Receptor_Ax]_v2": 0.006597264750380476, "mulTransfSite[Receptor_Mc]_v2": 0.003508392407919818, "mulTransfSite[Receptor_Ss]_v2": 0.0004697361051114686, "yonInjOrthesisSide_v2": -0.00022430091599184607}}