{"number of trainning instances": 46, "number of selected attributes": 6, "selected attributes": ["Status_Explor_v1", "equInjTbpiAgeClasY_v1", "lstInjTpbiSide", "lstInjUppLimScaGirSide_v2", "mulTransfSite[Donator_Ul]_v2", "yonPexPainTime1_v2"], "class attribute": "yonPexPain", "accuracy (%)": 58.69565217391305, "accuracy standard deviation": 0.4923805066480924, "true positive": 0, "false positive": 4, "true negative": 27, "false negative": 15, "satisfactory recovery - precision": 0.0, "satisfactory recovery - recall": 0.0, "satisfactory recovery - specificity": 0.8709677419354839, "satisfactory recovery - f-measure": 0, "unsatisfactory recovery - precision": 0.6428571428571429, "unsatisfactory recovery - recall": 0.8709677419354839, "unsatisfactory recovery - specificity": 0.0, "unsatisfactory recovery - f-measure": 0.7397260273972603, "number of initial attributes": 18, "initial attributes, % of missing": {"Bpsurgery_time_v2": 0.0, "Bpsurgery_yon_type": 15.217391304347828, "Status_Explor_v1": 23.91304347826087, "equInjTbpiAgeClasY_v1": 0.0, "lstInjSkuBra_v2": 23.91304347826087, "lstInjTpbiSide": 0.0, "lstInjUppLimScaGirSide_v2": 47.82608695652174, "mulInjTbpiCauseSide[Motorcycle]_v1": 0.0, "mulPexDiagnosis_v1": 4.3478260869565215, "mulTransfSite[Donator_Ac]_v2": 15.217391304347828, "mulTransfSite[Donator_I]_v2": 15.217391304347828, "mulTransfSite[Donator_Ph]_v2": 15.217391304347828, "mulTransfSite[Donator_Ul]_v2": 15.217391304347828, "mulTransfSite[Receptor_Ax]_v2": 15.217391304347828, "mulTransfSite[Receptor_Mc]_v2": 15.217391304347828, "mulTransfSite[Receptor_Ss]_v2": 15.217391304347828, "yonInjOrthesisSide_v2": 73.91304347826086, "yonPexPainTime1_v2": 76.08695652173914}, "initial attributes, importance": {"Bpsurgery_time_v2": -0.0056848332781322605, "Bpsurgery_yon_type": -0.006123984621151304, "Status_Explor_v1": 0.0009793729144077, "equInjTbpiAgeClasY_v1": 0.0025004165614808177, "lstInjSkuBra_v2": -0.001014087129555212, "lstInjTpbiSide": 0.004205842675725169, "lstInjUppLimScaGirSide_v2": 0.003445734096774221, "mulInjTbpiCauseSide[Motorcycle]_v1": -0.0028507151011817233, "mulPexDiagnosis_v1": -0.0020604062337715606, "mulTransfSite[Donator_Ac]_v2": -0.005844189884247218, "mulTransfSite[Donator_I]_v2": -0.0008925716788640366, "mulTransfSite[Donator_Ph]_v2": -0.0019401781199124982, "mulTransfSite[Donator_Ul]_v2": 0.0005420411931829599, "mulTransfSite[Receptor_Ax]_v2": -0.000871933362763814, "mulTransfSite[Receptor_Mc]_v2": -0.0029525728859608863, "mulTransfSite[Receptor_Ss]_v2": -0.005972205266102367, "yonInjOrthesisSide_v2": -0.00039637643524283075, "yonPexPainTime1_v2": 0.0001604138935382405}}