{"number of trainning instances": 39, "number of selected attributes": 4, "selected attributes": ["Bpsurgery_yon_type", "Status_Explor_v1", "mulInjTbpiCauseSide[Motorcycle]_v1", "mulPexDiagnosis_v1"], "class attribute": "lstPexMuscstrength_ShoulderExrot", "accuracy (%)": 58.97435897435898, "accuracy standard deviation": 0.491880156237202, "true positive": 13, "false positive": 13, "true negative": 10, "false negative": 3, "satisfactory recovery - precision": 0.5, "satisfactory recovery - recall": 0.8125, "satisfactory recovery - specificity": 0.43478260869565216, "satisfactory recovery - f-measure": 0.6190476190476191, "unsatisfactory recovery - precision": 0.7692307692307693, "unsatisfactory recovery - recall": 0.43478260869565216, "unsatisfactory recovery - specificity": 0.8125, "unsatisfactory recovery - f-measure": 0.5555555555555555, "number of initial attributes": 17, "initial attributes, % of missing": {"Bpsurgery_time_v2": 0.0, "Bpsurgery_yon_type": 17.94871794871795, "Status_Explor_v1": 25.64102564102564, "equInjTbpiAgeClasY_v1": 0.0, "lstInjSkuBra_v2": 23.076923076923077, "lstInjTpbiSide": 0.0, "lstInjUppLimScaGirSide_v2": 41.02564102564102, "mulInjTbpiCauseSide[Motorcycle]_v1": 0.0, "mulPexDiagnosis_v1": 0.0, "mulTransfSite[Donator_Ac]_v2": 17.94871794871795, "mulTransfSite[Donator_I]_v2": 17.94871794871795, "mulTransfSite[Donator_Ph]_v2": 17.94871794871795, "mulTransfSite[Donator_Ul]_v2": 17.94871794871795, "mulTransfSite[Receptor_Ax]_v2": 17.94871794871795, "mulTransfSite[Receptor_Mc]_v2": 17.94871794871795, "mulTransfSite[Receptor_Ss]_v2": 17.94871794871795, "yonInjOrthesisSide_v2": 76.92307692307693}, "initial attributes, importance": {"Bpsurgery_time_v2": -0.0031486875171373558, "Bpsurgery_yon_type": 0.003416514960105166, "Status_Explor_v1": 0.004703133884768143, "equInjTbpiAgeClasY_v1": -0.003945943278223877, "lstInjSkuBra_v2": 0.0004625404396581382, "lstInjTpbiSide": -0.00666752229203268, "lstInjUppLimScaGirSide_v2": -0.00018150844957022183, "mulInjTbpiCauseSide[Motorcycle]_v1": 0.0012483543505986078, "mulPexDiagnosis_v1": 0.0015850969744543965, "mulTransfSite[Donator_Ac]_v2": -0.002366909278319755, "mulTransfSite[Donator_I]_v2": -0.0019424226403283067, "mulTransfSite[Donator_Ph]_v2": -0.0018376845979072133, "mulTransfSite[Donator_Ul]_v2": -0.0025798568996571914, "mulTransfSite[Receptor_Ax]_v2": 0.0011513624032532005, "mulTransfSite[Receptor_Mc]_v2": -0.00417156302680736, "mulTransfSite[Receptor_Ss]_v2": -0.004905505220812292, "yonInjOrthesisSide_v2": -9.988916370445495e-05}}