{"number of trainning instances": 48, "number of selected attributes": 7, "selected attributes": ["lstInjSkuBra_v2", "lstInjTpbiSide", "mulPexDiagnosis_v1", "mulTransfSite[Donator_I]_v2", "mulTransfSite[Donator_Ph]_v2", "mulTransfSite[Donator_Ul]_v2", "yonPexPainTime1_v2"], "class attribute": "lstPexMuscstrength_ElbowFlex", "accuracy (%)": 66.66666666666666, "accuracy standard deviation": 0.4714045207910317, "true positive": 31, "false positive": 14, "true negative": 1, "false negative": 2, "satisfactory recovery - precision": 0.6888888888888889, "satisfactory recovery - recall": 0.9393939393939394, "satisfactory recovery - specificity": 0.06666666666666667, "satisfactory recovery - f-measure": 0.7948717948717948, "unsatisfactory recovery - precision": 0.3333333333333333, "unsatisfactory recovery - recall": 0.06666666666666667, "unsatisfactory recovery - specificity": 0.9393939393939394, "unsatisfactory recovery - f-measure": 0.1111111111111111, "number of initial attributes": 18, "initial attributes, % of missing": {"Bpsurgery_time_v2": 0.0, "Bpsurgery_yon_type": 14.583333333333334, "Status_Explor_v1": 20.833333333333336, "equInjTbpiAgeClasY_v1": 0.0, "lstInjSkuBra_v2": 31.25, "lstInjTpbiSide": 0.0, "lstInjUppLimScaGirSide_v2": 50.0, "mulInjTbpiCauseSide[Motorcycle]_v1": 0.0, "mulPexDiagnosis_v1": 0.0, "mulTransfSite[Donator_Ac]_v2": 14.583333333333334, "mulTransfSite[Donator_I]_v2": 14.583333333333334, "mulTransfSite[Donator_Ph]_v2": 14.583333333333334, "mulTransfSite[Donator_Ul]_v2": 14.583333333333334, "mulTransfSite[Receptor_Ax]_v2": 14.583333333333334, "mulTransfSite[Receptor_Mc]_v2": 14.583333333333334, "mulTransfSite[Receptor_Ss]_v2": 14.583333333333334, "yonInjOrthesisSide_v2": 77.08333333333334, "yonPexPainTime1_v2": 87.5}, "initial attributes, importance": {"Bpsurgery_time_v2": -0.0062497242672090005, "Bpsurgery_yon_type": -0.0028335247983083097, "Status_Explor_v1": -0.0016524126598920453, "equInjTbpiAgeClasY_v1": -0.00703292694571683, "lstInjSkuBra_v2": 0.00045892856566965933, "lstInjTpbiSide": 0.0026132008952810108, "lstInjUppLimScaGirSide_v2": 6.122174654799396e-05, "mulInjTbpiCauseSide[Motorcycle]_v1": -0.0014986911337495701, "mulPexDiagnosis_v1": 0.013136409553115395, "mulTransfSite[Donator_Ac]_v2": -0.0031679494773597674, "mulTransfSite[Donator_I]_v2": 0.0030500724891390244, "mulTransfSite[Donator_Ph]_v2": 0.0006445961440578617, "mulTransfSite[Donator_Ul]_v2": 0.0039554788230105765, "mulTransfSite[Receptor_Ax]_v2": -0.00023170447057869654, "mulTransfSite[Receptor_Mc]_v2": -0.00013910222212008076, "mulTransfSite[Receptor_Ss]_v2": -0.00014017161753750263, "yonInjOrthesisSide_v2": -2.893695034605087e-05, "yonPexPainTime1_v2": 6.694378193240183e-05}}