{"number of trainning instances": 46, "number of selected attributes": 2, "selected attributes": ["mulInjTbpiCauseSide[Motorcycle]_v1", "mulPexDiagnosis_v1"], "class attribute": "lstPexMuscstrength_ElbowFlex", "accuracy (%)": 69.56521739130434, "accuracy standard deviation": 0.4601306627938418, "true positive": 32, "false positive": 14, "true negative": 0, "false negative": 0, "satisfactory recovery - precision": 0.6956521739130435, "satisfactory recovery - recall": 1.0, "satisfactory recovery - specificity": 0.0, "satisfactory recovery - f-measure": 0.8205128205128205, "unsatisfactory recovery - precision": 0, "unsatisfactory recovery - recall": 0.0, "unsatisfactory recovery - specificity": 1.0, "unsatisfactory recovery - f-measure": 0, "number of initial attributes": 17, "initial attributes, % of missing": {"Bpsurgery_time_v2": 0.0, "Bpsurgery_yon_type": 10.869565217391305, "Status_Explor_v1": 13.043478260869565, "equInjTbpiAgeClasY_v1": 0.0, "lstInjSkuBra_v2": 43.47826086956522, "lstInjTpbiSide": 0.0, "lstInjUppLimScaGirSide_v2": 36.95652173913043, "mulInjTbpiCauseSide[Motorcycle]_v1": 0.0, "mulPexDiagnosis_v1": 0.0, "mulTransfSite[Donator_Ac]_v2": 10.869565217391305, "mulTransfSite[Donator_Ph]_v2": 10.869565217391305, "mulTransfSite[Donator_Ul]_v2": 10.869565217391305, "mulTransfSite[Receptor_Ax]_v2": 10.869565217391305, "mulTransfSite[Receptor_Mc]_v2": 10.869565217391305, "mulTransfSite[Receptor_Ss]_v2": 10.869565217391305, "yonInjPhysio": 78.26086956521739, "yonPexPainTime1_v2": 89.13043478260869}, "initial attributes, importance": {"Bpsurgery_time_v2": -0.0063946431257910115, "Bpsurgery_yon_type": -0.001405132281889155, "Status_Explor_v1": 0.002418243976520555, "equInjTbpiAgeClasY_v1": -0.0042029241164884615, "lstInjSkuBra_v2": -0.000705291035104612, "lstInjTpbiSide": -0.0009717604414841434, "lstInjUppLimScaGirSide_v2": 0.0010479027174739178, "mulInjTbpiCauseSide[Motorcycle]_v1": 0.003089245779372454, "mulPexDiagnosis_v1": 0.004561061635393825, "mulTransfSite[Donator_Ac]_v2": -0.0024320750885256388, "mulTransfSite[Donator_Ph]_v2": -0.0021273939934454626, "mulTransfSite[Donator_Ul]_v2": -0.0023511664311150174, "mulTransfSite[Receptor_Ax]_v2": -0.0021546339058996357, "mulTransfSite[Receptor_Mc]_v2": 0.0004527246040393536, "mulTransfSite[Receptor_Ss]_v2": -0.00061471566788598, "yonInjPhysio": 0.000420188112790257, "yonPexPainTime1_v2": 0.00043520426126705336}}