{"number of trainning instances": 35, "number of selected attributes": 1, "selected attributes": ["Bpsurgery_time_v2"], "class attribute": "yonPexPain", "accuracy (%)": 77.14285714285715, "accuracy standard deviation": 0.4199125273342591, "true positive": 0, "false positive": 0, "true negative": 27, "false negative": 8, "satisfactory recovery - precision": 0, "satisfactory recovery - recall": 0.0, "satisfactory recovery - specificity": 1.0, "satisfactory recovery - f-measure": 0, "unsatisfactory recovery - precision": 0.7714285714285715, "unsatisfactory recovery - recall": 1.0, "unsatisfactory recovery - specificity": 0.0, "unsatisfactory recovery - f-measure": 0.870967741935484, "number of initial attributes": 17, "initial attributes, % of missing": {"Bpsurgery_time_v2": 0.0, "Bpsurgery_yon_type": 8.571428571428571, "Status_Explor_v1": 11.428571428571429, "equInjTbpiAgeClasY_v1": 0.0, "lstInjSkuBra_v2": 22.857142857142858, "lstInjTpbiSide": 0.0, "lstInjUppLimScaGirSide_v2": 37.142857142857146, "mulInjTbpiCauseSide[Motorcycle]_v1": 0.0, "mulPexDiagnosis_v1": 0.0, "mulTransfSite[Donator_Ac]_v2": 8.571428571428571, "mulTransfSite[Donator_Ph]_v2": 8.571428571428571, "mulTransfSite[Donator_Ul]_v2": 8.571428571428571, "mulTransfSite[Receptor_Ax]_v2": 8.571428571428571, "mulTransfSite[Receptor_Mc]_v2": 8.571428571428571, "mulTransfSite[Receptor_Ss]_v2": 8.571428571428571, "yonInjPhysio": 71.42857142857143, "yonPexPainTime1_v2": 77.14285714285715}, "initial attributes, importance": {"Bpsurgery_time_v2": 0.00633453990742533, "Bpsurgery_yon_type": -0.0003534641989351048, "Status_Explor_v1": -0.0008863865823159679, "equInjTbpiAgeClasY_v1": -0.007215387802670349, "lstInjSkuBra_v2": -0.0013767012831199987, "lstInjTpbiSide": 0.0012724917331995908, "lstInjUppLimScaGirSide_v2": 0.0005824179381810709, "mulInjTbpiCauseSide[Motorcycle]_v1": -0.0008766385251088311, "mulPexDiagnosis_v1": -0.005257925726432025, "mulTransfSite[Donator_Ac]_v2": -0.003601767155250744, "mulTransfSite[Donator_Ph]_v2": -0.002346760297021673, "mulTransfSite[Donator_Ul]_v2": -0.0026154251318361342, "mulTransfSite[Receptor_Ax]_v2": 0.0010348624304918758, "mulTransfSite[Receptor_Mc]_v2": -0.0011112881291302748, "mulTransfSite[Receptor_Ss]_v2": 0.00620024015811144, "yonInjPhysio": 0.00044339134646787377, "yonPexPainTime1_v2": 0.00014288193278680892}}