{"number of trainning instances": 34, "number of selected attributes": 2, "selected attributes": ["lstInjTpbiSide", "mulTransfSite[Receptor_Ax]_v2"], "class attribute": "lstPexMuscstrength_ShoulderAbduc", "accuracy (%)": 52.94117647058824, "accuracy standard deviation": 0.4991341984846218, "true positive": 2, "false positive": 5, "true negative": 16, "false negative": 11, "satisfactory recovery - precision": 0.2857142857142857, "satisfactory recovery - recall": 0.15384615384615385, "satisfactory recovery - specificity": 0.7619047619047619, "satisfactory recovery - f-measure": 0.2, "unsatisfactory recovery - precision": 0.5925925925925926, "unsatisfactory recovery - recall": 0.7619047619047619, "unsatisfactory recovery - specificity": 0.15384615384615385, "unsatisfactory recovery - f-measure": 0.6666666666666666, "number of initial attributes": 16, "initial attributes, % of missing": {"Bpsurgery_time_v2": 0.0, "Bpsurgery_yon_type": 14.705882352941178, "Status_Explor_v1": 17.647058823529413, "equInjTbpiAgeClasY_v1": 0.0, "lstInjSkuBra_v2": 32.35294117647059, "lstInjTpbiSide": 0.0, "lstInjUppLimScaGirSide_v2": 29.411764705882355, "mulInjTbpiCauseSide[Motorcycle]_v1": 0.0, "mulPexDiagnosis_v1": 0.0, "mulTransfSite[Donator_Ac]_v2": 14.705882352941178, "mulTransfSite[Donator_Ph]_v2": 14.705882352941178, "mulTransfSite[Donator_Ul]_v2": 14.705882352941178, "mulTransfSite[Receptor_Ax]_v2": 14.705882352941178, "mulTransfSite[Receptor_Mc]_v2": 14.705882352941178, "mulTransfSite[Receptor_Ss]_v2": 14.705882352941178, "yonPexPainTime1_v2": 91.17647058823529}, "initial attributes, importance": {"Bpsurgery_time_v2": 0.004821358250272466, "Bpsurgery_yon_type": 0.0027200053365232083, "Status_Explor_v1": -0.0025982202983508614, "equInjTbpiAgeClasY_v1": 0.0025616145724124124, "lstInjSkuBra_v2": -0.00016279960236169005, "lstInjTpbiSide": 0.012914385288110564, "lstInjUppLimScaGirSide_v2": 0.002840403418405465, "mulInjTbpiCauseSide[Motorcycle]_v1": -0.0029597887726262053, "mulPexDiagnosis_v1": 0.0031158021254002063, "mulTransfSite[Donator_Ac]_v2": 0.005412806239493844, "mulTransfSite[Donator_Ph]_v2": -0.00045654385802238617, "mulTransfSite[Donator_Ul]_v2": 0.004606766765717328, "mulTransfSite[Receptor_Ax]_v2": 0.0125761469391626, "mulTransfSite[Receptor_Mc]_v2": 0.002076243937777513, "mulTransfSite[Receptor_Ss]_v2": 0.005955042214543258, "yonPexPainTime1_v2": -6.060167371434529e-05}}