{"xvalues": [-0.0072153879, -0.0052579258, -0.0036017672, -0.0026154252, -0.0023467603, -0.0013767013, -0.0011112882, -0.0008863866, -0.0008766386, -0.0003534642, 0.0001428819, 0.0004433913, 0.0005824179, 0.0010348624, 0.0012724917, 0.0062002401, 0.0063345399], "yvalues": [0.7714285714285715, 0.7714285714285715, 0.7714285714285715, 0.7714285714285715, 0.7714285714285715, 0.7714285714285715, 0.7714285714285715, 0.7714285714285715, 0.7714285714285715, 0.7714285714285715, 0.7714285714285715, 0.7714285714285715, 0.7428571428571429, 0.6857142857142857, 0.7714285714285715, 0.7142857142857143, 0.7714285714285715], "class_name": "yonPexPain", "special": 16}