{"xvalues": [-0.0061277753, -0.0040084885, -0.0014183763, -0.0009687362, -0.0002346758, -0.0001080637, -6.77077e-05, 0.0005328999, 0.0006125792, 0.0020429398, 0.0039230639, 0.0042971794, 0.0048577898, 0.0066225694, 0.0067330251, 0.0078320871, 0.0107153012, 0.0113677367, 0.0129830359], "yvalues": [0.6610169491525424, 0.6610169491525424, 0.6949152542372881, 0.6949152542372881, 0.728813559322034, 0.728813559322034, 0.711864406779661, 0.728813559322034, 0.711864406779661, 0.711864406779661, 0.711864406779661, 0.7457627118644068, 0.7457627118644068, 0.7796610169491526, 0.7627118644067796, 0.6949152542372881, 0.711864406779661, 0.5423728813559322, 0.576271186440678], "class_name": "lstPexMuscstrength_ShoulderAbduc", "special": 13}