{"xvalues": [-0.0072066424, -0.0043727915, -0.0038280043, -0.0032454912, -0.003139339, -0.0029947943, -0.002412291, -0.0023514999, -0.001936985, -0.001591169, -0.0012533538, -5.4899e-06, 0.0044451163, 0.0059052001, 0.0081031384, 0.0086738534], "yvalues": [0.59375, 0.625, 0.625, 0.59375, 0.59375, 0.625, 0.625, 0.625, 0.625, 0.65625, 0.65625, 0.65625, 0.65625, 0.6875, 0.5625, 0.6875], "class_name": "lstPexMuscstrength_ShoulderExrot", "special": 12}