{"number of trainning instances": 27, "number of selected attributes": 4, "selected attributes": ["equInjTbpiAgeClasY_v1", "mulPexDiagnosis_v1", "mulTransfSite[Receptor_Ax]_v2", "mulTransfSite[Receptor_Ss]_v2"], "class attribute": "lstPexMuscstrength_ShoulderExrot", "accuracy (%)": 66.66666666666666, "accuracy standard deviation": 0.4714045207910317, "true positive": 9, "false positive": 3, "true negative": 9, "false negative": 6, "satisfactory recovery - precision": 0.75, "satisfactory recovery - recall": 0.6, "satisfactory recovery - specificity": 0.75, "satisfactory recovery - f-measure": 0.6666666666666665, "unsatisfactory recovery - precision": 0.6, "unsatisfactory recovery - recall": 0.75, "unsatisfactory recovery - specificity": 0.6, "unsatisfactory recovery - f-measure": 0.6666666666666665, "number of initial attributes": 15, "initial attributes, % of missing": {"Bpsurgery_time_v2": 0.0, "Bpsurgery_yon_type": 14.814814814814813, "Status_Explor_v1": 18.51851851851852, "equInjTbpiAgeClasY_v1": 0.0, "lstInjSkuBra_v2": 22.22222222222222, "lstInjTpbiSide": 0.0, "lstInjUppLimScaGirSide_v2": 25.925925925925924, "mulInjTbpiCauseSide[Motorcycle]_v1": 0.0, "mulPexDiagnosis_v1": 0.0, "mulTransfSite[Donator_Ac]_v2": 14.814814814814813, "mulTransfSite[Donator_Ph]_v2": 14.814814814814813, "mulTransfSite[Donator_Ul]_v2": 14.814814814814813, "mulTransfSite[Receptor_Ax]_v2": 14.814814814814813, "mulTransfSite[Receptor_Mc]_v2": 14.814814814814813, "mulTransfSite[Receptor_Ss]_v2": 14.814814814814813}, "initial attributes, importance": {"Bpsurgery_time_v2": -0.004881153328663825, "Bpsurgery_yon_type": -0.0015302445494629275, "Status_Explor_v1": -0.0024005625682623605, "equInjTbpiAgeClasY_v1": 0.04361090175127384, "lstInjSkuBra_v2": 0.002838585818189896, "lstInjTpbiSide": -0.007731928317411225, "lstInjUppLimScaGirSide_v2": 0.0033405722912266036, "mulInjTbpiCauseSide[Motorcycle]_v1": -0.002614054101156679, "mulPexDiagnosis_v1": 0.010493193846523191, "mulTransfSite[Donator_Ac]_v2": -0.006212005680000969, "mulTransfSite[Donator_Ph]_v2": -0.006379133632949538, "mulTransfSite[Donator_Ul]_v2": -0.0024008457033407597, "mulTransfSite[Receptor_Ax]_v2": 0.010036246875923405, "mulTransfSite[Receptor_Mc]_v2": 8.7059831777555e-05, "mulTransfSite[Receptor_Ss]_v2": 0.005064533784412029}}