{"number of trainning instances": 29, "number of selected attributes": 1, "selected attributes": ["lstInjTpbiSide"], "class attribute": "yonPexPain", "accuracy (%)": 72.41379310344827, "accuracy standard deviation": 0.44694763437295587, "true positive": 0, "false positive": 0, "true negative": 21, "false negative": 8, "satisfactory recovery - precision": 0, "satisfactory recovery - recall": 0.0, "satisfactory recovery - specificity": 1.0, "satisfactory recovery - f-measure": 0, "unsatisfactory recovery - precision": 0.7241379310344828, "unsatisfactory recovery - recall": 1.0, "unsatisfactory recovery - specificity": 0.0, "unsatisfactory recovery - f-measure": 0.8400000000000001, "number of initial attributes": 16, "initial attributes, % of missing": {"Bpsurgery_time_v2": 0.0, "Bpsurgery_yon_type": 10.344827586206897, "Status_Explor_v1": 13.793103448275861, "equInjTbpiAgeClasY_v1": 0.0, "lstInjSkuBra_v2": 20.689655172413794, "lstInjTpbiSide": 0.0, "lstInjUppLimScaGirSide_v2": 34.48275862068966, "mulInjTbpiCauseSide[Motorcycle]_v1": 0.0, "mulPexDiagnosis_v1": 0.0, "mulTransfSite[Donator_Ac]_v2": 10.344827586206897, "mulTransfSite[Donator_Ph]_v2": 10.344827586206897, "mulTransfSite[Donator_Ul]_v2": 10.344827586206897, "mulTransfSite[Receptor_Ax]_v2": 10.344827586206897, "mulTransfSite[Receptor_Mc]_v2": 10.344827586206897, "mulTransfSite[Receptor_Ss]_v2": 10.344827586206897, "yonPexPainTime1_v2": 75.86206896551724}, "initial attributes, importance": {"Bpsurgery_time_v2": -0.00125005128844361, "Bpsurgery_yon_type": -0.0006466808544048269, "Status_Explor_v1": -0.0008680415481813823, "equInjTbpiAgeClasY_v1": -0.005925772998358479, "lstInjSkuBra_v2": -0.0009163927576727773, "lstInjTpbiSide": 0.009487726408542252, "lstInjUppLimScaGirSide_v2": 0.004287153556003232, "mulInjTbpiCauseSide[Motorcycle]_v1": -0.002393461567426773, "mulPexDiagnosis_v1": -0.00564713435379302, "mulTransfSite[Donator_Ac]_v2": -0.007340935952730836, "mulTransfSite[Donator_Ph]_v2": -0.005132915537607009, "mulTransfSite[Donator_Ul]_v2": 0.00036228373571939337, "mulTransfSite[Receptor_Ax]_v2": 0.000852832030996398, "mulTransfSite[Receptor_Mc]_v2": -0.0039803083618734246, "mulTransfSite[Receptor_Ss]_v2": 9.439953080190558e-05, "yonPexPainTime1_v2": 0.00026412077389468115}}