{"number of trainning instances": 28, "number of selected attributes": 5, "selected attributes": ["lstInjTpbiSide", "mulTransfSite[Donator_Ac]_v2", "mulTransfSite[Donator_Ul]_v2", "mulTransfSite[Receptor_Ax]_v2", "mulTransfSite[Receptor_Ss]_v2"], "class attribute": "lstPexMuscstrength_ShoulderAbduc", "accuracy (%)": 53.57142857142857, "accuracy standard deviation": 0.4987228587060335, "true positive": 9, "false positive": 9, "true negative": 6, "false negative": 4, "satisfactory recovery - precision": 0.5, "satisfactory recovery - recall": 0.6923076923076923, "satisfactory recovery - specificity": 0.4, "satisfactory recovery - f-measure": 0.5806451612903226, "unsatisfactory recovery - precision": 0.6, "unsatisfactory recovery - recall": 0.4, "unsatisfactory recovery - specificity": 0.6923076923076923, "unsatisfactory recovery - f-measure": 0.48, "number of initial attributes": 15, "initial attributes, % of missing": {"Bpsurgery_time_v2": 0.0, "Bpsurgery_yon_type": 14.285714285714285, "Status_Explor_v1": 17.857142857142858, "equInjTbpiAgeClasY_v1": 0.0, "lstInjSkuBra_v2": 21.428571428571427, "lstInjTpbiSide": 0.0, "lstInjUppLimScaGirSide_v2": 28.57142857142857, "mulInjTbpiCauseSide[Motorcycle]_v1": 0.0, "mulPexDiagnosis_v1": 0.0, "mulTransfSite[Donator_Ac]_v2": 14.285714285714285, "mulTransfSite[Donator_Ph]_v2": 14.285714285714285, "mulTransfSite[Donator_Ul]_v2": 14.285714285714285, "mulTransfSite[Receptor_Ax]_v2": 14.285714285714285, "mulTransfSite[Receptor_Mc]_v2": 14.285714285714285, "mulTransfSite[Receptor_Ss]_v2": 14.285714285714285}, "initial attributes, importance": {"Bpsurgery_time_v2": -0.0034775302015853903, "Bpsurgery_yon_type": 0.000798907627256243, "Status_Explor_v1": -0.0038926794664218595, "equInjTbpiAgeClasY_v1": -0.00749102429486353, "lstInjSkuBra_v2": -0.0018416185592464618, "lstInjTpbiSide": 0.007089948688029074, "lstInjUppLimScaGirSide_v2": -0.0008075395846413067, "mulInjTbpiCauseSide[Motorcycle]_v1": 0.00022475444970945888, "mulPexDiagnosis_v1": -0.004525158615740501, "mulTransfSite[Donator_Ac]_v2": 0.006409550305342578, "mulTransfSite[Donator_Ph]_v2": -0.0004076149900127961, "mulTransfSite[Donator_Ul]_v2": 0.008585910257176019, "mulTransfSite[Receptor_Ax]_v2": 0.003491463088857895, "mulTransfSite[Receptor_Mc]_v2": 0.003400677097823381, "mulTransfSite[Receptor_Ss]_v2": 0.0047114609997462005}}