{"xvalues": [-0.0052648182, -0.0027573287, -0.0022174295, -0.002148053, -0.0021082172, -0.0020640353, -0.0010138603, -0.0004635883, -0.0003322897, -0.0002501538, -0.000141893, 9.62275e-05, 0.0003902498, 0.0004308775, 0.0015634064, 0.0030774408, 0.007497373, 0.0099086402, 0.0312829511], "yvalues": [0.6875, 0.71875, 0.6875, 0.71875, 0.71875, 0.71875, 0.6875, 0.71875, 0.6875, 0.71875, 0.71875, 0.71875, 0.75, 0.78125, 0.78125, 0.75, 0.8125, 0.75, 0.78125], "class_name": "lstPexMuscstrength_ShoulderExrot", "special": 18}