{"xvalues": [-0.0080046163, -0.0063803426, -0.0060007391, -0.0050934106, -0.0044196579, -0.0040704929, -0.0033299157, -0.0025522746, -0.0025275269, -0.0013474478, -0.00100038, -5.53567e-05, 0.0005203314, 0.0053179311, 0.0069283831, 0.0327264729], "yvalues": [0.4411764705882353, 0.38235294117647056, 0.4117647058823529, 0.4411764705882353, 0.3529411764705882, 0.5, 0.47058823529411764, 0.5882352941176471, 0.4117647058823529, 0.4117647058823529, 0.47058823529411764, 0.6176470588235294, 0.6470588235294117, 0.5, 0.47058823529411764, 0.7647058823529411], "class_name": "lstPexMuscstrength_ShoulderExrot", "special": 12}