{"Bpsurgery_time_v2": 0.027622805249417456, "Bpsurgery_yon_type": 0.006110089878461211, "Status_Explor_v1": 0.006364676386234583, "equInjTbpiAgeClasY_v1": 0.006619004470834108, "lstInjSkuBra_v2": 0.009482537299011521, "lstInjTpbiSide": 0.0008781651151177247, "lstInjUppLimScaGirSide_v2": 0.0043071450478469105, "mulInjTbpiCauseSide[Motorcycle]_v1": -0.004872175170915423, "mulPexDiagnosis_v1": 0.01911240793591201, "mulTransfSite[Donator_Ac]_v2": 0.0023515870002822617, "mulTransfSite[Donator_I]_v2": 0.007726425813183479, "mulTransfSite[Donator_Ph]_v2": 0.0018792038711804753, "mulTransfSite[Donator_Ul]_v2": 0.007340022824051032, "mulTransfSite[Receptor_Mc]_v2": 0.0005740793233294731, "mulTransfSite[Receptor_Ss]_v2": 0.006117938361489661, "yonInjOrthesisSide_v2": 0.0003787316330995095, "yonInjPhysio": 0.00011583495405481008}