{"Bpsurgery_time_v2": 0.0053255868306858085, "Bpsurgery_yon_type": 0.006844055950714625, "Status_Explor_v1": -0.0014954595920642709, "equInjTbpiAgeClasY_v1": 0.004183880684180623, "lstInjSkuBra_v2": 0.0015245422026705772, "lstInjTpbiSide": 0.010000182358910623, "lstInjUppLimScaGirSide_v2": -0.0001261924815614078, "mulInjTbpiCauseSide[Motorcycle]_v1": 0.0017939491466786007, "mulPexDiagnosis_v1": 0.015720816356209297, "mulTransfSite[Donator_Ac]_v2": 0.016301503508822063, "mulTransfSite[Donator_I]_v2": 0.006177787299682927, "mulTransfSite[Donator_Ph]_v2": 0.00046279315565458327, "mulTransfSite[Donator_Ul]_v2": 0.00682157663705355, "mulTransfSite[Receptor_Mc]_v2": 0.0005174719168720368, "mulTransfSite[Receptor_Ss]_v2": 0.00937444891973987, "yonInjOrthesisSide_v2": 0.00025566823143307845, "yonInjPhysio": -0.0009087759590938952}