{"Bpsurgery_time_v2": 0.030298492970958532, "Bpsurgery_yon_type": 0.0027628311866353134, "Status_Explor_v1": 0.00035463719078107316, "equInjTbpiAgeClasY_v1": 0.01180910022901626, "lstInjSkuBra_v2": -0.00199589946796061, "lstInjTpbiSide": -0.003248543653462668, "lstInjUppLimScaGirSide_v2": 0.00018232770526756164, "mulInjTbpiCauseSide[Motorcycle]_v1": -0.0015845125347224917, "mulPexDiagnosis_v1": 0.026365886375928852, "mulTransfSite[Donator_Ac]_v2": 0.0021508921560244626, "mulTransfSite[Donator_I]_v2": 0.0047587655041275425, "mulTransfSite[Donator_Ph]_v2": 0.0024931639614036456, "mulTransfSite[Donator_Ul]_v2": 0.011386514862064214, "mulTransfSite[Receptor_Mc]_v2": 0.0018488975071214175, "mulTransfSite[Receptor_Ss]_v2": 0.0024633203977557326, "yonInjOrthesisSide_v2": 0.002906088741099515, "yonInjPhysio": 0.0008936595450403795}