{"Bpsurgery_time_v2": -0.003098212103611025, "Bpsurgery_yon_type": 0.007001520330854467, "Status_Explor_v1": 0.0019873848359579778, "equInjTbpiAgeClasY_v1": -0.006413098332714407, "lstInjSkuBra_v2": -0.002534500205023242, "lstInjTpbiSide": -0.00867554425622812, "lstInjUppLimScaGirSide_v2": -0.00022628399490170003, "mulInjTbpiCauseSide[Motorcycle]_v1": 0.006705071684075882, "mulPexDiagnosis_v1": -0.008753257662904305, "mulTransfSite[Donator_Ac]_v2": 0.000126774645070986, "mulTransfSite[Donator_I]_v2": -0.0013846796778210484, "mulTransfSite[Donator_Ph]_v2": 0.0004963007398520298, "mulTransfSite[Donator_Ul]_v2": 0.0014755842482297187, "mulTransfSite[Receptor_Mc]_v2": 0.0008093365453893348, "mulTransfSite[Receptor_Ss]_v2": -0.0014374500761223418, "yonInjOrthesisSide_v2": 0.0006154605813531171, "yonInjPhysio": 0.0002948054380053695}