{"xvalues": [-0.0112757449, -0.0083749917, -0.0069216157, -0.0066846631, -0.0052482837, -0.0045795841, -0.0027669467, -0.0020470906, -0.0004834034, 0.0017247661, 0.0065426914, 0.0073240907, 0.0082943411, 0.0137739118, 0.0263372325], "yvalues": [0.75, 0.75, 0.75, 0.75, 0.75, 0.75, 0.75, 0.75, 0.75, 0.75, 0.75, 0.9166666666666666, 0.8333333333333334, 0.8333333333333334, 0.8333333333333334], "class_name": "lstPexMuscstrength_ShoulderExrot", "special": 11}