{"Bpsurgery_time_v2": -0.007626394629270525, "Bpsurgery_yon_type": 0.0016365837832544488, "Status_Explor_v1": -0.00281848311538844, "equInjTbpiAgeClasY_v1": 0.013416654708796294, "lstInjSkuBra_v2": -0.0007684352628863723, "lstInjTpbiSide": 0.016956871218718878, "lstInjUppLimScaGirSide_v2": 5.0570614951856214e-05, "mulInjTbpiCauseSide[Motorcycle]_v1": 0.00017494361437337566, "mulPexDiagnosis_v1": 0.00376366052130899, "mulTransfSite[Donator_Ac]_v2": 0.007594110325258222, "mulTransfSite[Donator_Ph]_v2": -0.0017326567980675911, "mulTransfSite[Donator_Ul]_v2": 0.0024769338947238655, "mulTransfSite[Receptor_Ax]_v2": 0.010643729466655389, "mulTransfSite[Receptor_Mc]_v2": 0.004772074283146635, "mulTransfSite[Receptor_Ss]_v2": 0.004547361015114349, "yonPexPainTime1_v2": -3.398028646802421e-05}