{"Bpsurgery_time_v2": -0.000823641188068303, "Bpsurgery_yon_type": -0.0004514133651284481, "Status_Explor_v1": 0.009250880513497569, "equInjTbpiAgeClasY_v1": -0.0012534315314759222, "lstInjSkuBra_v2": -0.00011667457586969334, "lstInjTpbiSide": -0.002406650538024261, "lstInjUppLimScaGirSide_v2": -2.7145484482278e-05, "mulInjTbpiCauseSide[Motorcycle]_v1": 0.00027324228793934835, "mulPexDiagnosis_v1": 0.0036475683551268406, "mulTransfSite[Donator_Ac]_v2": -6.28081300012133e-05, "mulTransfSite[Donator_Ph]_v2": 0.0001935473711118584, "mulTransfSite[Donator_Ul]_v2": -0.0012284491117528858, "mulTransfSite[Receptor_Ax]_v2": -0.0008282356457808321, "mulTransfSite[Receptor_Mc]_v2": 0.0005022801973650933, "mulTransfSite[Receptor_Ss]_v2": -0.0004609134580444662, "yonInjPhysio": 5.647529805741642e-05, "yonPexPainTime1_v2": 6.842974019104008e-05}