{"Bpsurgery_time_v2": -0.006815976043330573, "Bpsurgery_yon_type": -0.0008968342882372575, "Status_Explor_v1": -0.0012872389266735393, "equInjTbpiAgeClasY_v1": 0.03882305545772866, "lstInjSkuBra_v2": -0.0017461442443446043, "lstInjTpbiSide": -0.005809782698804896, "lstInjUppLimScaGirSide_v2": -0.0010128446886657747, "mulInjTbpiCauseSide[Motorcycle]_v1": -0.0055809262278968316, "mulPexDiagnosis_v1": 0.00938929727651984, "mulTransfSite[Donator_Ac]_v2": -0.0038481364728552786, "mulTransfSite[Donator_Ph]_v2": -0.006007771997049143, "mulTransfSite[Donator_Ul]_v2": -0.0017187319841226551, "mulTransfSite[Receptor_Ax]_v2": 0.008489862810404968, "mulTransfSite[Receptor_Mc]_v2": 0.0016454624597058598, "mulTransfSite[Receptor_Ss]_v2": -0.003272862541627538, "yonPexPainTime1_v2": -7.964675171858735e-05}