{"Bpsurgery_time_v2": 0.00020630869941007878, "Bpsurgery_yon_type": -0.0004412273100935368, "Status_Explor_v1": -0.0013766407437159, "equInjTbpiAgeClasY_v1": -0.005020572264723435, "lstInjSkuBra_v2": -0.001166641705196851, "lstInjTpbiSide": 0.008219904737001325, "lstInjUppLimScaGirSide_v2": 0.001303023428106982, "mulInjTbpiCauseSide[Motorcycle]_v1": -0.0013789138054285022, "mulPexDiagnosis_v1": -0.006843425054582829, "mulTransfSite[Donator_Ac]_v2": -0.0042046448918674475, "mulTransfSite[Donator_Ph]_v2": -0.0043624008281134006, "mulTransfSite[Donator_Ul]_v2": -0.002071619689033348, "mulTransfSite[Receptor_Ax]_v2": 0.0008940468938069416, "mulTransfSite[Receptor_Mc]_v2": -0.0038896414834027316, "mulTransfSite[Receptor_Ss]_v2": 0.0031678560978415293, "yonInjPhysio": 0.0006138948732144374, "yonPexPainTime1_v2": -8.484038663145699e-05}