{"xvalues": [-0.0020948794, -0.0019069408, -0.0018162023, -0.0012707598, -0.001001084, -0.0008672134, -0.0002526201, -0.000173916, -6.09044e-05, -5.59799e-05, 7.65846e-05, 0.0002197198, 0.0002302885, 0.0005809069, 0.0005826323, 0.000595966, 0.0042848994, 0.0066614066, 0.0067200475, 0.0154801314], "yvalues": [0.6567164179104478, 0.6716417910447761, 0.6716417910447761, 0.6865671641791045, 0.6716417910447761, 0.7014925373134329, 0.7164179104477613, 0.7014925373134329, 0.6865671641791045, 0.7313432835820896, 0.7164179104477613, 0.7164179104477613, 0.7164179104477613, 0.6865671641791045, 0.6716417910447761, 0.6716417910447761, 0.7014925373134329, 0.6417910447761195, 0.6268656716417911, 0.6716417910447761], "class_name": "lstPexMuscstrength_ShoulderExrot", "special": 12}