{"xvalues": [-0.0019911254, -0.0012345451, -0.0010239759, -0.0008903384, -0.0007445839, -0.0002325183, -7.29503e-05, -7.13299e-05, 0.0001130488, 0.0020495226, 0.0026738109, 0.0031732368, 0.0033909031, 0.0037600137, 0.0038611731, 0.0040787157, 0.005247117, 0.0054778481, 0.0072282316, 0.0108123362], "yvalues": [0.625, 0.6527777777777778, 0.6666666666666667, 0.6527777777777778, 0.6388888888888888, 0.6666666666666667, 0.6666666666666667, 0.6527777777777778, 0.6666666666666667, 0.6388888888888888, 0.6944444444444444, 0.6944444444444444, 0.6527777777777778, 0.6805555555555556, 0.6527777777777778, 0.6527777777777778, 0.625, 0.6666666666666667, 0.6111111111111112, 0.6944444444444444], "class_name": "lstPexMuscstrength_ShoulderAbduc", "special": 19}