{"Bpsurgery_time_v2": -0.0063946431257910115, "Bpsurgery_yon_type": -0.001405132281889155, "Status_Explor_v1": 0.002418243976520555, "equInjTbpiAgeClasY_v1": -0.0042029241164884615, "lstInjSkuBra_v2": -0.000705291035104612, "lstInjTpbiSide": -0.0009717604414841434, "lstInjUppLimScaGirSide_v2": 0.0010479027174739178, "mulInjTbpiCauseSide[Motorcycle]_v1": 0.003089245779372454, "mulPexDiagnosis_v1": 0.004561061635393825, "mulTransfSite[Donator_Ac]_v2": -0.0024320750885256388, "mulTransfSite[Donator_Ph]_v2": -0.0021273939934454626, "mulTransfSite[Donator_Ul]_v2": -0.0023511664311150174, "mulTransfSite[Receptor_Ax]_v2": -0.0021546339058996357, "mulTransfSite[Receptor_Mc]_v2": 0.0004527246040393536, "mulTransfSite[Receptor_Ss]_v2": -0.00061471566788598, "yonInjPhysio": 0.000420188112790257, "yonPexPainTime1_v2": 0.00043520426126705336}