{"Bpsurgery_time_v2": 0.004445116304744378, "Bpsurgery_yon_type": -0.0015911689540213827, "Status_Explor_v1": -0.0029947942229735865, "equInjTbpiAgeClasY_v1": 0.00810313841327639, "lstInjSkuBra_v2": -0.0012533537630080819, "lstInjTpbiSide": -0.007206642387806158, "lstInjUppLimScaGirSide_v2": -0.004372791425730838, "mulInjTbpiCauseSide[Motorcycle]_v1": -0.0023514998410019403, "mulPexDiagnosis_v1": 0.008673853485491165, "mulTransfSite[Donator_Ac]_v2": -0.0032454911240529126, "mulTransfSite[Donator_Ph]_v2": -0.0024122909184396885, "mulTransfSite[Donator_Ul]_v2": -0.003139338915433698, "mulTransfSite[Receptor_Ax]_v2": 0.005905200116320398, "mulTransfSite[Receptor_Mc]_v2": -0.0019369849931112676, "mulTransfSite[Receptor_Ss]_v2": -0.003828004291749043, "yonPexPainTime1_v2": -5.489854826237549e-06}