{"Bpsurgery_time_v2": 0.004821358250272466, "Bpsurgery_yon_type": 0.0027200053365232083, "Status_Explor_v1": -0.0025982202983508614, "equInjTbpiAgeClasY_v1": 0.0025616145724124124, "lstInjSkuBra_v2": -0.00016279960236169005, "lstInjTpbiSide": 0.012914385288110564, "lstInjUppLimScaGirSide_v2": 0.002840403418405465, "mulInjTbpiCauseSide[Motorcycle]_v1": -0.0029597887726262053, "mulPexDiagnosis_v1": 0.0031158021254002063, "mulTransfSite[Donator_Ac]_v2": 0.005412806239493844, "mulTransfSite[Donator_Ph]_v2": -0.00045654385802238617, "mulTransfSite[Donator_Ul]_v2": 0.004606766765717328, "mulTransfSite[Receptor_Ax]_v2": 0.0125761469391626, "mulTransfSite[Receptor_Mc]_v2": 0.002076243937777513, "mulTransfSite[Receptor_Ss]_v2": 0.005955042214543258, "yonPexPainTime1_v2": -6.060167371434529e-05}