{"Bpsurgery_time_v2": 0.00633453990742533, "Bpsurgery_yon_type": -0.0003534641989351048, "Status_Explor_v1": -0.0008863865823159679, "equInjTbpiAgeClasY_v1": -0.007215387802670349, "lstInjSkuBra_v2": -0.0013767012831199987, "lstInjTpbiSide": 0.0012724917331995908, "lstInjUppLimScaGirSide_v2": 0.0005824179381810709, "mulInjTbpiCauseSide[Motorcycle]_v1": -0.0008766385251088311, "mulPexDiagnosis_v1": -0.005257925726432025, "mulTransfSite[Donator_Ac]_v2": -0.003601767155250744, "mulTransfSite[Donator_Ph]_v2": -0.002346760297021673, "mulTransfSite[Donator_Ul]_v2": -0.0026154251318361342, "mulTransfSite[Receptor_Ax]_v2": 0.0010348624304918758, "mulTransfSite[Receptor_Mc]_v2": -0.0011112881291302748, "mulTransfSite[Receptor_Ss]_v2": 0.00620024015811144, "yonInjPhysio": 0.00044339134646787377, "yonPexPainTime1_v2": 0.00014288193278680892}