{"xvalues": [-0.0024066506, -0.0012534316, -0.0012284492, -0.0008282357, -0.0008236412, -0.0004609135, -0.0004514134, -0.0001166746, -6.28082e-05, -2.71455e-05, 5.64752e-05, 6.84297e-05, 0.0001935473, 0.0002732422, 0.0005022801, 0.0036475683, 0.0092508805], "yvalues": [0.7608695652173914, 0.7608695652173914, 0.7608695652173914, 0.7608695652173914, 0.7608695652173914, 0.7391304347826086, 0.7608695652173914, 0.7608695652173914, 0.7608695652173914, 0.7608695652173914, 0.7608695652173914, 0.7608695652173914, 0.7173913043478262, 0.6739130434782609, 0.7608695652173914, 0.7608695652173914, 0.6086956521739131], "class_name": "lstPexMuscstrength_ElbowFlex", "special": 15}