{"Bpsurgery_time_v2": 0.01966059289019376, "Bpsurgery_yon_type": 0.008460856780813698, "Status_Explor_v1": 0.003517640434921439, "equInjTbpiAgeClasY_v1": -0.004604759915343616, "lstInjSkuBra_v2": -0.00011404521813738307, "lstInjTpbiSide": 0.007183809950190107, "lstInjUppLimScaGirSide_v2": -0.0002713572808674002, "mulInjTbpiCauseSide[Motorcycle]_v1": 0.004173710508073043, "mulPexDiagnosis_v1": 0.02135747812922474, "mulTransfSite[Donator_Ac]_v2": -0.002165290746741717, "mulTransfSite[Donator_Ph]_v2": -0.0003063282564924555, "mulTransfSite[Donator_Ul]_v2": 0.011136842865858332, "mulTransfSite[Receptor_Ax]_v2": 0.00781541629634495, "mulTransfSite[Receptor_Mc]_v2": 0.003912494799509581, "mulTransfSite[Receptor_Ss]_v2": 0.01622223465182042, "yonInjPhysio": 0.0005726068419063047, "yonPexPainTime1_v2": 0.00018751971358742662}