{"Bpsurgery_time_v2": 0.0034787435231346457, "Bpsurgery_yon_type": 0.002528772548140103, "Status_Explor_v1": -0.0028848371955407692, "equInjTbpiAgeClasY_v1": -0.0003363270513840403, "lstInjSkuBra_v2": -0.00026397268981894905, "lstInjTpbiSide": 0.010400418184761326, "lstInjUppLimScaGirSide_v2": 0.003656935700058505, "mulInjTbpiCauseSide[Motorcycle]_v1": -0.0028490487938598323, "mulPexDiagnosis_v1": 0.005695142800721686, "mulTransfSite[Donator_Ac]_v2": 0.005588276322186682, "mulTransfSite[Donator_Ph]_v2": -0.0021664151257089806, "mulTransfSite[Donator_Ul]_v2": 0.0030585000073388114, "mulTransfSite[Receptor_Ax]_v2": 0.01323641658614667, "mulTransfSite[Receptor_Mc]_v2": 0.0015255862390149816, "mulTransfSite[Receptor_Ss]_v2": 0.002656915798230392, "yonPexPainTime1_v2": -3.742722207029347e-05}