{"Bpsurgery_time_v2": 0.005053591390723965, "Bpsurgery_yon_type": -0.0009957256493738672, "Status_Explor_v1": -0.0017617967628702322, "equInjTbpiAgeClasY_v1": -0.001144716422460875, "lstInjSkuBra_v2": -0.0008793273313369293, "lstInjTpbiSide": 0.00010630483515906401, "lstInjUppLimScaGirSide_v2": 2.6801258860110162e-05, "mulInjTbpiCauseSide[Motorcycle]_v1": -0.001708417779203622, "mulPexDiagnosis_v1": -0.005581956580156942, "mulTransfSite[Donator_Ac]_v2": -0.0027761812378047025, "mulTransfSite[Donator_Ph]_v2": -0.001993792547260801, "mulTransfSite[Donator_Ul]_v2": -0.0024902138535201393, "mulTransfSite[Receptor_Ax]_v2": -0.00018082144009590108, "mulTransfSite[Receptor_Mc]_v2": -0.0012783868409322267, "mulTransfSite[Receptor_Ss]_v2": 0.004950845147700515, "yonInjPhysio": 0.00043187890280050787, "yonPexPainTime1_v2": 0.00013815884608041963}