{"Bpsurgery_time_v2": 0.010475523676483496, "Bpsurgery_yon_type": -0.0021888544140564324, "Status_Explor_v1": -0.002868716279140077, "equInjTbpiAgeClasY_v1": 0.015493542761089272, "lstInjSkuBra_v2": -0.0004939286009454329, "lstInjTpbiSide": -0.008456440568918082, "lstInjUppLimScaGirSide_v2": -0.0040211873239150145, "mulInjTbpiCauseSide[Motorcycle]_v1": -0.0017661497781473786, "mulPexDiagnosis_v1": 0.004551424225089493, "mulTransfSite[Donator_Ac]_v2": -0.0013909691085491217, "mulTransfSite[Donator_Ph]_v2": -0.002859968650592878, "mulTransfSite[Donator_Ul]_v2": -0.0042154251493501296, "mulTransfSite[Receptor_Ax]_v2": 0.004444322206840293, "mulTransfSite[Receptor_Mc]_v2": -0.0015127330915996715, "mulTransfSite[Receptor_Ss]_v2": -0.002739490742948874, "yonPexPainTime1_v2": 5.309047688807032e-06}