{"xvalues": [-0.0056696855, -0.0040268939, -0.0015914927, -0.0008012232, -0.0005719377, -0.0004675255, -0.0001861488, -0.0001592533, -0.0001213482, -8.72818e-05, 0.0001295583, 0.0002142725, 0.0002656188, 0.0005757936, 0.0011606195, 0.0042083382, 0.0042532851, 0.0166306561], "yvalues": [0.7291666666666667, 0.7291666666666667, 0.75, 0.75, 0.75, 0.75, 0.75, 0.75, 0.7291666666666667, 0.7083333333333333, 0.75, 0.7291666666666667, 0.7291666666666667, 0.7083333333333333, 0.7083333333333333, 0.7708333333333334, 0.5208333333333333, 0.7083333333333333], "class_name": "lstPexMuscstrength_ElbowFlex", "special": 10}