{"number of trainning instances": 35, "number of selected attributes": 11, "selected attributes": ["Bpsurgery_yon_type", "equInjTbpiAgeClasY_v1", "lstInjTpbiSide", "mulInjTbpiCauseSide[Motorcycle]_v1", "mulPexDiagnosis_v1", "mulTransfSite[Donator_Ac]_v2", "mulTransfSite[Donator_Ul]_v2", "mulTransfSite[Receptor_Ax]_v2", "mulTransfSite[Receptor_Mc]_v2", "mulTransfSite[Receptor_Ss]_v2", "yonPexPainTime1_v2"], "class attribute": "lstPexMuscstrength_ShoulderAbduc", "accuracy (%)": 57.14285714285714, "accuracy standard deviation": 0.49487165930539356, "true positive": 9, "false positive": 9, "true negative": 11, "false negative": 6, "satisfactory recovery - precision": 0.5, "satisfactory recovery - recall": 0.6, "satisfactory recovery - specificity": 0.55, "satisfactory recovery - f-measure": 0.5454545454545454, "unsatisfactory recovery - precision": 0.6470588235294118, "unsatisfactory recovery - recall": 0.55, "unsatisfactory recovery - specificity": 0.6, "unsatisfactory recovery - f-measure": 0.5945945945945946, "number of initial attributes": 16, "initial attributes, % of missing": {"Bpsurgery_time_v2": 0.0, "Bpsurgery_yon_type": 14.285714285714285, "Status_Explor_v1": 17.142857142857142, "equInjTbpiAgeClasY_v1": 0.0, "lstInjSkuBra_v2": 34.285714285714285, "lstInjTpbiSide": 0.0, "lstInjUppLimScaGirSide_v2": 31.428571428571427, "mulInjTbpiCauseSide[Motorcycle]_v1": 0.0, "mulPexDiagnosis_v1": 0.0, "mulTransfSite[Donator_Ac]_v2": 14.285714285714285, "mulTransfSite[Donator_Ph]_v2": 14.285714285714285, "mulTransfSite[Donator_Ul]_v2": 14.285714285714285, "mulTransfSite[Receptor_Ax]_v2": 14.285714285714285, "mulTransfSite[Receptor_Mc]_v2": 14.285714285714285, "mulTransfSite[Receptor_Ss]_v2": 14.285714285714285, "yonPexPainTime1_v2": 88.57142857142857}, "initial attributes, importance": {"Bpsurgery_time_v2": -0.006287039266061105, "Bpsurgery_yon_type": 0.0014175867076715476, "Status_Explor_v1": -0.0040385123080041215, "equInjTbpiAgeClasY_v1": 0.007432184092652, "lstInjSkuBra_v2": -0.0004591377638082582, "lstInjTpbiSide": 0.01376695641002782, "lstInjUppLimScaGirSide_v2": -0.0006223052996555442, "mulInjTbpiCauseSide[Motorcycle]_v1": -0.0002874544775282273, "mulPexDiagnosis_v1": 0.006149433916080586, "mulTransfSite[Donator_Ac]_v2": 0.006518429590329497, "mulTransfSite[Donator_Ph]_v2": -0.0016970199682867224, "mulTransfSite[Donator_Ul]_v2": 0.0015702973767075228, "mulTransfSite[Receptor_Ax]_v2": 0.010678108355080542, "mulTransfSite[Receptor_Mc]_v2": 0.003928531480158968, "mulTransfSite[Receptor_Ss]_v2": 0.002602446183866033, "yonPexPainTime1_v2": -1.8403212781479966e-05}}