{"number of trainning instances": 34, "number of selected attributes": 4, "selected attributes": ["equInjTbpiAgeClasY_v1", "mulPexDiagnosis_v1", "mulTransfSite[Receptor_Ax]_v2", "mulTransfSite[Receptor_Mc]_v2"], "class attribute": "lstPexMuscstrength_ShoulderExrot", "accuracy (%)": 64.70588235294117, "accuracy standard deviation": 0.47788461203740945, "true positive": 12, "false positive": 8, "true negative": 10, "false negative": 4, "satisfactory recovery - precision": 0.6, "satisfactory recovery - recall": 0.75, "satisfactory recovery - specificity": 0.5555555555555556, "satisfactory recovery - f-measure": 0.6666666666666665, "unsatisfactory recovery - precision": 0.7142857142857143, "unsatisfactory recovery - recall": 0.5555555555555556, "unsatisfactory recovery - specificity": 0.75, "unsatisfactory recovery - f-measure": 0.6250000000000001, "number of initial attributes": 16, "initial attributes, % of missing": {"Bpsurgery_time_v2": 0.0, "Bpsurgery_yon_type": 14.705882352941178, "Status_Explor_v1": 17.647058823529413, "equInjTbpiAgeClasY_v1": 0.0, "lstInjSkuBra_v2": 32.35294117647059, "lstInjTpbiSide": 0.0, "lstInjUppLimScaGirSide_v2": 29.411764705882355, "mulInjTbpiCauseSide[Motorcycle]_v1": 0.0, "mulPexDiagnosis_v1": 0.0, "mulTransfSite[Donator_Ac]_v2": 14.705882352941178, "mulTransfSite[Donator_Ph]_v2": 14.705882352941178, "mulTransfSite[Donator_Ul]_v2": 14.705882352941178, "mulTransfSite[Receptor_Ax]_v2": 14.705882352941178, "mulTransfSite[Receptor_Mc]_v2": 14.705882352941178, "mulTransfSite[Receptor_Ss]_v2": 14.705882352941178, "yonPexPainTime1_v2": 88.23529411764706}, "initial attributes, importance": {"Bpsurgery_time_v2": -0.006380342510304747, "Bpsurgery_yon_type": -0.001000379901769693, "Status_Explor_v1": -0.003329915658141361, "equInjTbpiAgeClasY_v1": 0.032726472949257866, "lstInjSkuBra_v2": -0.0013474477255926848, "lstInjTpbiSide": -0.008004616293511463, "lstInjUppLimScaGirSide_v2": -0.0025522745225171517, "mulInjTbpiCauseSide[Motorcycle]_v1": -0.005093410516149493, "mulPexDiagnosis_v1": 0.005317931132779925, "mulTransfSite[Donator_Ac]_v2": -0.004419657879707736, "mulTransfSite[Donator_Ph]_v2": -0.006000739045830721, "mulTransfSite[Donator_Ul]_v2": -0.002527526882650667, "mulTransfSite[Receptor_Ax]_v2": 0.0069283831966442545, "mulTransfSite[Receptor_Mc]_v2": 0.000520331441341357, "mulTransfSite[Receptor_Ss]_v2": -0.004070492857966675, "yonPexPainTime1_v2": -5.535667986707189e-05}}