{"number of trainning instances": 47, "number of selected attributes": 2, "selected attributes": ["Status_Explor_v1", "mulPexDiagnosis_v1"], "class attribute": "lstPexMuscstrength_ElbowFlex", "accuracy (%)": 74.46808510638297, "accuracy standard deviation": 0.43604045812594033, "true positive": 35, "false positive": 12, "true negative": 0, "false negative": 0, "satisfactory recovery - precision": 0.7446808510638298, "satisfactory recovery - recall": 1.0, "satisfactory recovery - specificity": 0.0, "satisfactory recovery - f-measure": 0.8536585365853657, "unsatisfactory recovery - precision": 0, "unsatisfactory recovery - recall": 0.0, "unsatisfactory recovery - specificity": 1.0, "unsatisfactory recovery - f-measure": 0, "number of initial attributes": 17, "initial attributes, % of missing": {"Bpsurgery_time_v2": 0.0, "Bpsurgery_yon_type": 10.638297872340425, "Status_Explor_v1": 12.76595744680851, "equInjTbpiAgeClasY_v1": 0.0, "lstInjSkuBra_v2": 44.680851063829785, "lstInjTpbiSide": 0.0, "lstInjUppLimScaGirSide_v2": 38.297872340425535, "mulInjTbpiCauseSide[Motorcycle]_v1": 0.0, "mulPexDiagnosis_v1": 0.0, "mulTransfSite[Donator_Ac]_v2": 10.638297872340425, "mulTransfSite[Donator_Ph]_v2": 10.638297872340425, "mulTransfSite[Donator_Ul]_v2": 10.638297872340425, "mulTransfSite[Receptor_Ax]_v2": 10.638297872340425, "mulTransfSite[Receptor_Mc]_v2": 10.638297872340425, "mulTransfSite[Receptor_Ss]_v2": 10.638297872340425, "yonInjPhysio": 78.72340425531915, "yonPexPainTime1_v2": 89.36170212765957}, "initial attributes, importance": {"Bpsurgery_time_v2": -0.001808585259500958, "Bpsurgery_yon_type": -0.0003309019493527273, "Status_Explor_v1": 0.007567190165955652, "equInjTbpiAgeClasY_v1": -0.0031410745705357356, "lstInjSkuBra_v2": -0.00024754354646248607, "lstInjTpbiSide": -0.0012259529602766837, "lstInjUppLimScaGirSide_v2": 0.00028441899847405966, "mulInjTbpiCauseSide[Motorcycle]_v1": 0.0005866109495383638, "mulPexDiagnosis_v1": 0.0006007266745119173, "mulTransfSite[Donator_Ac]_v2": -0.0004697024588535649, "mulTransfSite[Donator_Ph]_v2": 0.00013863257438572415, "mulTransfSite[Donator_Ul]_v2": -0.0017595110646074913, "mulTransfSite[Receptor_Ax]_v2": -0.0005477268340235176, "mulTransfSite[Receptor_Mc]_v2": -0.0001510138680491842, "mulTransfSite[Receptor_Ss]_v2": -0.0011023788555608852, "yonInjPhysio": 2.540510037133367e-05, "yonPexPainTime1_v2": 5.265574937810705e-05}}