{"xvalues": [-0.0027364196, -0.000304675, 5.5672e-06, 0.0004485494, 0.0009895539, 0.0011510708, 0.0019650917, 0.0022096734, 0.0025238411, 0.0026886096, 0.004771947, 0.0049987445, 0.0053405053, 0.0059575058, 0.0066206665, 0.0074114929, 0.0086241629, 0.0147654416, 0.026201994], "yvalues": [0.6, 0.6, 0.6, 0.6, 0.5777777777777777, 0.6222222222222222, 0.6222222222222222, 0.6, 0.6444444444444444, 0.6888888888888889, 0.7111111111111111, 0.6444444444444444, 0.7111111111111111, 0.7333333333333334, 0.7111111111111111, 0.6888888888888889, 0.6666666666666667, 0.6222222222222222, 0.5777777777777777], "class_name": "yonPexPain", "special": 14}