{"xvalues": [-0.007406499, -0.0057531651, -0.0056144131, -0.0049487746, -0.004107265, -0.0025414095, -0.0011634092, -0.0009394527, -0.0007800662, -0.0005784648, 6.06457e-05, 0.0002507029, 0.0004663289, 0.0009314683, 0.004611143, 0.009738727], "yvalues": [0.6896551724137931, 0.7241379310344828, 0.7241379310344828, 0.7241379310344828, 0.7241379310344828, 0.7241379310344828, 0.7241379310344828, 0.6896551724137931, 0.7241379310344828, 0.7241379310344828, 0.7241379310344828, 0.6896551724137931, 0.6551724137931034, 0.7241379310344828, 0.6551724137931034, 0.7241379310344828], "class_name": "yonPexPain", "special": 11}