{"Bpsurgery_time_v2": 0.00792897719712357, "Bpsurgery_yon_type": 0.003353405585473457, "Status_Explor_v1": -0.003108189156136708, "equInjTbpiAgeClasY_v1": -0.006942877136638385, "lstInjSkuBra_v2": -0.0016560144102349941, "lstInjTpbiSide": 0.00393900098879103, "lstInjUppLimScaGirSide_v2": 0.003987238056567048, "mulInjTbpiCauseSide[Motorcycle]_v1": -0.0027118505480832993, "mulPexDiagnosis_v1": -0.006569237112728415, "mulTransfSite[Donator_Ac]_v2": 0.005769919780374829, "mulTransfSite[Donator_Ph]_v2": 0.0013408336076945206, "mulTransfSite[Donator_Ul]_v2": 0.016094867606565283, "mulTransfSite[Receptor_Ax]_v2": 0.005656260156560095, "mulTransfSite[Receptor_Mc]_v2": 0.0023965876155438233, "mulTransfSite[Receptor_Ss]_v2": 0.01110092923615935}