{"Bpsurgery_time_v2": -0.004793855126188659, "Bpsurgery_yon_type": -0.0014684333829615881, "Status_Explor_v1": -0.003136822714596047, "equInjTbpiAgeClasY_v1": 0.0035467641514432147, "lstInjSkuBra_v2": 0.00024119463424935667, "lstInjTpbiSide": -0.007779612442479875, "lstInjUppLimScaGirSide_v2": -0.0008500044666144776, "mulInjTbpiCauseSide[Motorcycle]_v1": -0.0027451374859893147, "mulPexDiagnosis_v1": -0.004770102278800537, "mulTransfSite[Donator_Ac]_v2": -0.0033001632058487352, "mulTransfSite[Donator_Ph]_v2": -0.005793440432134915, "mulTransfSite[Donator_Ul]_v2": -0.005797524287070823, "mulTransfSite[Receptor_Ax]_v2": -0.0012469677900813895, "mulTransfSite[Receptor_Mc]_v2": -0.006845202024743901, "mulTransfSite[Receptor_Ss]_v2": 0.00031456825106983955}