{"Bpsurgery_time_v2": -0.001163409165208805, "Bpsurgery_yon_type": -0.000578464712093159, "Status_Explor_v1": -0.0007800661592317057, "equInjTbpiAgeClasY_v1": -0.005753165095696586, "lstInjSkuBra_v2": -0.0009394526926330907, "lstInjTpbiSide": 0.009738727002074342, "lstInjUppLimScaGirSide_v2": 0.004611143084613905, "mulInjTbpiCauseSide[Motorcycle]_v1": -0.0025414094670243425, "mulPexDiagnosis_v1": -0.005614413048126304, "mulTransfSite[Donator_Ac]_v2": -0.007406498936068884, "mulTransfSite[Donator_Ph]_v2": -0.004948774508421196, "mulTransfSite[Donator_Ul]_v2": 6.0645740185694176e-05, "mulTransfSite[Receptor_Ax]_v2": 0.0009314683413518816, "mulTransfSite[Receptor_Mc]_v2": -0.004107264967865258, "mulTransfSite[Receptor_Ss]_v2": 0.00046632890668221543, "yonPexPainTime1_v2": 0.00025070290713713754}