{"xvalues": [-0.0069428772, -0.0065692372, -0.0031081892, -0.0027118506, -0.0016560145, 0.0013408336, 0.0023965876, 0.0033534055, 0.0039390009, 0.003987238, 0.0056562601, 0.0057699197, 0.0079289771, 0.0111009292, 0.0160948676], "yvalues": [0.5, 0.5714285714285714, 0.6071428571428572, 0.6428571428571428, 0.6785714285714286, 0.7142857142857143, 0.6428571428571428, 0.6428571428571428, 0.6071428571428572, 0.6428571428571428, 0.5714285714285714, 0.6428571428571428, 0.6428571428571428, 0.6785714285714286, 0.7142857142857143], "class_name": "lstPexMuscstrength_ShoulderAbduc", "special": 13}