{"number of trainning instances": 47, "number of selected attributes": 4, "selected attributes": ["Bpsurgery_time_v2", "mulPexDiagnosis_v1", "mulTransfSite[Donator_Ul]_v2", "mulTransfSite[Receptor_Ss]_v2"], "class attribute": "lstPexMuscstrength_ElbowFlex", "accuracy (%)": 76.59574468085107, "accuracy standard deviation": 0.4233989094070723, "true positive": 22, "false positive": 4, "true negative": 14, "false negative": 7, "satisfactory recovery - precision": 0.8461538461538461, "satisfactory recovery - recall": 0.7586206896551724, "satisfactory recovery - specificity": 0.7777777777777778, "satisfactory recovery - f-measure": 0.8, "unsatisfactory recovery - precision": 0.6666666666666666, "unsatisfactory recovery - recall": 0.7777777777777778, "unsatisfactory recovery - specificity": 0.7586206896551724, "unsatisfactory recovery - f-measure": 0.717948717948718, "number of initial attributes": 17, "initial attributes, % of missing": {"Bpsurgery_time_v2": 0.0, "Bpsurgery_yon_type": 10.638297872340425, "Status_Explor_v1": 12.76595744680851, "equInjTbpiAgeClasY_v1": 0.0, "lstInjSkuBra_v2": 44.680851063829785, "lstInjTpbiSide": 0.0, "lstInjUppLimScaGirSide_v2": 38.297872340425535, "mulInjTbpiCauseSide[Motorcycle]_v1": 0.0, "mulPexDiagnosis_v1": 0.0, "mulTransfSite[Donator_Ac]_v2": 10.638297872340425, "mulTransfSite[Donator_Ph]_v2": 10.638297872340425, "mulTransfSite[Donator_Ul]_v2": 10.638297872340425, "mulTransfSite[Receptor_Ax]_v2": 10.638297872340425, "mulTransfSite[Receptor_Mc]_v2": 10.638297872340425, "mulTransfSite[Receptor_Ss]_v2": 10.638297872340425, "yonInjPhysio": 78.72340425531915, "yonPexPainTime1_v2": 89.36170212765957}, "initial attributes, importance": {"Bpsurgery_time_v2": 0.01966059289019376, "Bpsurgery_yon_type": 0.008460856780813698, "Status_Explor_v1": 0.003517640434921439, "equInjTbpiAgeClasY_v1": -0.004604759915343616, "lstInjSkuBra_v2": -0.00011404521813738307, "lstInjTpbiSide": 0.007183809950190107, "lstInjUppLimScaGirSide_v2": -0.0002713572808674002, "mulInjTbpiCauseSide[Motorcycle]_v1": 0.004173710508073043, "mulPexDiagnosis_v1": 0.02135747812922474, "mulTransfSite[Donator_Ac]_v2": -0.002165290746741717, "mulTransfSite[Donator_Ph]_v2": -0.0003063282564924555, "mulTransfSite[Donator_Ul]_v2": 0.011136842865858332, "mulTransfSite[Receptor_Ax]_v2": 0.00781541629634495, "mulTransfSite[Receptor_Mc]_v2": 0.003912494799509581, "mulTransfSite[Receptor_Ss]_v2": 0.01622223465182042, "yonInjPhysio": 0.0005726068419063047, "yonPexPainTime1_v2": 0.00018751971358742662}}