{"number of trainning instances": 35, "number of selected attributes": 5, "selected attributes": ["lstInjTpbiSide", "lstInjUppLimScaGirSide_v2", "mulPexDiagnosis_v1", "mulTransfSite[Donator_Ac]_v2", "mulTransfSite[Receptor_Ax]_v2"], "class attribute": "lstPexMuscstrength_ShoulderAbduc", "accuracy (%)": 54.285714285714285, "accuracy standard deviation": 0.49815987926179134, "true positive": 3, "false positive": 6, "true negative": 16, "false negative": 10, "satisfactory recovery - precision": 0.3333333333333333, "satisfactory recovery - recall": 0.23076923076923078, "satisfactory recovery - specificity": 0.7272727272727273, "satisfactory recovery - f-measure": 0.27272727272727276, "unsatisfactory recovery - precision": 0.6153846153846154, "unsatisfactory recovery - recall": 0.7272727272727273, "unsatisfactory recovery - specificity": 0.23076923076923078, "unsatisfactory recovery - f-measure": 0.6666666666666667, "number of initial attributes": 16, "initial attributes, % of missing": {"Bpsurgery_time_v2": 0.0, "Bpsurgery_yon_type": 14.285714285714285, "Status_Explor_v1": 17.142857142857142, "equInjTbpiAgeClasY_v1": 0.0, "lstInjSkuBra_v2": 34.285714285714285, "lstInjTpbiSide": 0.0, "lstInjUppLimScaGirSide_v2": 31.428571428571427, "mulInjTbpiCauseSide[Motorcycle]_v1": 0.0, "mulPexDiagnosis_v1": 0.0, "mulTransfSite[Donator_Ac]_v2": 14.285714285714285, "mulTransfSite[Donator_Ph]_v2": 14.285714285714285, "mulTransfSite[Donator_Ul]_v2": 14.285714285714285, "mulTransfSite[Receptor_Ax]_v2": 14.285714285714285, "mulTransfSite[Receptor_Mc]_v2": 14.285714285714285, "mulTransfSite[Receptor_Ss]_v2": 14.285714285714285, "yonPexPainTime1_v2": 88.57142857142857}, "initial attributes, importance": {"Bpsurgery_time_v2": 0.0034787435231346457, "Bpsurgery_yon_type": 0.002528772548140103, "Status_Explor_v1": -0.0028848371955407692, "equInjTbpiAgeClasY_v1": -0.0003363270513840403, "lstInjSkuBra_v2": -0.00026397268981894905, "lstInjTpbiSide": 0.010400418184761326, "lstInjUppLimScaGirSide_v2": 0.003656935700058505, "mulInjTbpiCauseSide[Motorcycle]_v1": -0.0028490487938598323, "mulPexDiagnosis_v1": 0.005695142800721686, "mulTransfSite[Donator_Ac]_v2": 0.005588276322186682, "mulTransfSite[Donator_Ph]_v2": -0.0021664151257089806, "mulTransfSite[Donator_Ul]_v2": 0.0030585000073388114, "mulTransfSite[Receptor_Ax]_v2": 0.01323641658614667, "mulTransfSite[Receptor_Mc]_v2": 0.0015255862390149816, "mulTransfSite[Receptor_Ss]_v2": 0.002656915798230392, "yonPexPainTime1_v2": -3.742722207029347e-05}}