{"number of trainning instances": 38, "number of selected attributes": 1, "selected attributes": ["Bpsurgery_time_v2"], "class attribute": "yonPexPain", "accuracy (%)": 76.31578947368422, "accuracy standard deviation": 0.4251445900369345, "true positive": 0, "false positive": 0, "true negative": 29, "false negative": 9, "satisfactory recovery - precision": 0, "satisfactory recovery - recall": 0.0, "satisfactory recovery - specificity": 1.0, "satisfactory recovery - f-measure": 0, "unsatisfactory recovery - precision": 0.7631578947368421, "unsatisfactory recovery - recall": 1.0, "unsatisfactory recovery - specificity": 0.0, "unsatisfactory recovery - f-measure": 0.8656716417910448, "number of initial attributes": 17, "initial attributes, % of missing": {"Bpsurgery_time_v2": 0.0, "Bpsurgery_yon_type": 7.894736842105263, "Status_Explor_v1": 10.526315789473683, "equInjTbpiAgeClasY_v1": 0.0, "lstInjSkuBra_v2": 28.947368421052634, "lstInjTpbiSide": 0.0, "lstInjUppLimScaGirSide_v2": 42.10526315789473, "mulInjTbpiCauseSide[Motorcycle]_v1": 0.0, "mulPexDiagnosis_v1": 0.0, "mulTransfSite[Donator_Ac]_v2": 7.894736842105263, "mulTransfSite[Donator_Ph]_v2": 7.894736842105263, "mulTransfSite[Donator_Ul]_v2": 7.894736842105263, "mulTransfSite[Receptor_Ax]_v2": 7.894736842105263, "mulTransfSite[Receptor_Mc]_v2": 7.894736842105263, "mulTransfSite[Receptor_Ss]_v2": 7.894736842105263, "yonInjPhysio": 71.05263157894737, "yonPexPainTime1_v2": 78.94736842105263}, "initial attributes, importance": {"Bpsurgery_time_v2": 0.005053591390723965, "Bpsurgery_yon_type": -0.0009957256493738672, "Status_Explor_v1": -0.0017617967628702322, "equInjTbpiAgeClasY_v1": -0.001144716422460875, "lstInjSkuBra_v2": -0.0008793273313369293, "lstInjTpbiSide": 0.00010630483515906401, "lstInjUppLimScaGirSide_v2": 2.6801258860110162e-05, "mulInjTbpiCauseSide[Motorcycle]_v1": -0.001708417779203622, "mulPexDiagnosis_v1": -0.005581956580156942, "mulTransfSite[Donator_Ac]_v2": -0.0027761812378047025, "mulTransfSite[Donator_Ph]_v2": -0.001993792547260801, "mulTransfSite[Donator_Ul]_v2": -0.0024902138535201393, "mulTransfSite[Receptor_Ax]_v2": -0.00018082144009590108, "mulTransfSite[Receptor_Mc]_v2": -0.0012783868409322267, "mulTransfSite[Receptor_Ss]_v2": 0.004950845147700515, "yonInjPhysio": 0.00043187890280050787, "yonPexPainTime1_v2": 0.00013815884608041963}}