{"number of trainning instances": 34, "number of selected attributes": 4, "selected attributes": ["Bpsurgery_time_v2", "equInjTbpiAgeClasY_v1", "mulPexDiagnosis_v1", "mulTransfSite[Receptor_Ax]_v2"], "class attribute": "lstPexMuscstrength_ShoulderExrot", "accuracy (%)": 58.82352941176471, "accuracy standard deviation": 0.4921529567847503, "true positive": 3, "false positive": 4, "true negative": 17, "false negative": 10, "satisfactory recovery - precision": 0.42857142857142855, "satisfactory recovery - recall": 0.23076923076923078, "satisfactory recovery - specificity": 0.8095238095238095, "satisfactory recovery - f-measure": 0.3, "unsatisfactory recovery - precision": 0.6296296296296297, "unsatisfactory recovery - recall": 0.8095238095238095, "unsatisfactory recovery - specificity": 0.23076923076923078, "unsatisfactory recovery - f-measure": 0.7083333333333334, "number of initial attributes": 16, "initial attributes, % of missing": {"Bpsurgery_time_v2": 0.0, "Bpsurgery_yon_type": 14.705882352941178, "Status_Explor_v1": 17.647058823529413, "equInjTbpiAgeClasY_v1": 0.0, "lstInjSkuBra_v2": 32.35294117647059, "lstInjTpbiSide": 0.0, "lstInjUppLimScaGirSide_v2": 29.411764705882355, "mulInjTbpiCauseSide[Motorcycle]_v1": 0.0, "mulPexDiagnosis_v1": 0.0, "mulTransfSite[Donator_Ac]_v2": 14.705882352941178, "mulTransfSite[Donator_Ph]_v2": 14.705882352941178, "mulTransfSite[Donator_Ul]_v2": 14.705882352941178, "mulTransfSite[Receptor_Ax]_v2": 14.705882352941178, "mulTransfSite[Receptor_Mc]_v2": 14.705882352941178, "mulTransfSite[Receptor_Ss]_v2": 14.705882352941178, "yonPexPainTime1_v2": 88.23529411764706}, "initial attributes, importance": {"Bpsurgery_time_v2": 0.010475523676483496, "Bpsurgery_yon_type": -0.0021888544140564324, "Status_Explor_v1": -0.002868716279140077, "equInjTbpiAgeClasY_v1": 0.015493542761089272, "lstInjSkuBra_v2": -0.0004939286009454329, "lstInjTpbiSide": -0.008456440568918082, "lstInjUppLimScaGirSide_v2": -0.0040211873239150145, "mulInjTbpiCauseSide[Motorcycle]_v1": -0.0017661497781473786, "mulPexDiagnosis_v1": 0.004551424225089493, "mulTransfSite[Donator_Ac]_v2": -0.0013909691085491217, "mulTransfSite[Donator_Ph]_v2": -0.002859968650592878, "mulTransfSite[Donator_Ul]_v2": -0.0042154251493501296, "mulTransfSite[Receptor_Ax]_v2": 0.004444322206840293, "mulTransfSite[Receptor_Mc]_v2": -0.0015127330915996715, "mulTransfSite[Receptor_Ss]_v2": -0.002739490742948874, "yonPexPainTime1_v2": 5.309047688807032e-06}}