{"Bpsurgery_time_v2": -0.004881153328663825, "Bpsurgery_yon_type": -0.0015302445494629275, "Status_Explor_v1": -0.0024005625682623605, "equInjTbpiAgeClasY_v1": 0.04361090175127384, "lstInjSkuBra_v2": 0.002838585818189896, "lstInjTpbiSide": -0.007731928317411225, "lstInjUppLimScaGirSide_v2": 0.0033405722912266036, "mulInjTbpiCauseSide[Motorcycle]_v1": -0.002614054101156679, "mulPexDiagnosis_v1": 0.010493193846523191, "mulTransfSite[Donator_Ac]_v2": -0.006212005680000969, "mulTransfSite[Donator_Ph]_v2": -0.006379133632949538, "mulTransfSite[Donator_Ul]_v2": -0.0024008457033407597, "mulTransfSite[Receptor_Ax]_v2": 0.010036246875923405, "mulTransfSite[Receptor_Mc]_v2": 8.7059831777555e-05, "mulTransfSite[Receptor_Ss]_v2": 0.005064533784412029}