{"Bpsurgery_time_v2": 0.0003433169066042492, "Bpsurgery_yon_type": 6.534778799754375e-05, "Status_Explor_v1": 0.004050818778730336, "equInjTbpiAgeClasY_v1": 0.004500729868456319, "lstInjSkuBra_v2": -7.278681967172839e-05, "lstInjTpbiSide": -0.003616145746319709, "lstInjUppLimScaGirSide_v2": -0.00033544113688084896, "mulInjTbpiCauseSide[Motorcycle]_v1": 0.0004928520789348624, "mulPexDiagnosis_v1": 0.001850071544132732, "mulTransfSite[Donator_Ac]_v2": 0.001372388907087681, "mulTransfSite[Donator_Ph]_v2": -7.120536725472886e-05, "mulTransfSite[Donator_Ul]_v2": 0.0023048922682995855, "mulTransfSite[Receptor_Ax]_v2": 0.0007352429905690683, "mulTransfSite[Receptor_Mc]_v2": 0.0027241863274428168, "mulTransfSite[Receptor_Ss]_v2": 0.0012859052761700798, "yonPexPainTime1_v2": 1.0049690742123679e-05}