{"Bpsurgery_time_v2": -0.00125005128844361, "Bpsurgery_yon_type": -0.0006466808544048269, "Status_Explor_v1": -0.0008680415481813823, "equInjTbpiAgeClasY_v1": -0.005925772998358479, "lstInjSkuBra_v2": -0.0009163927576727773, "lstInjTpbiSide": 0.009487726408542252, "lstInjUppLimScaGirSide_v2": 0.004287153556003232, "mulInjTbpiCauseSide[Motorcycle]_v1": -0.002393461567426773, "mulPexDiagnosis_v1": -0.00564713435379302, "mulTransfSite[Donator_Ac]_v2": -0.007340935952730836, "mulTransfSite[Donator_Ph]_v2": -0.005132915537607009, "mulTransfSite[Donator_Ul]_v2": 0.00036228373571939337, "mulTransfSite[Receptor_Ax]_v2": 0.000852832030996398, "mulTransfSite[Receptor_Mc]_v2": -0.0039803083618734246, "mulTransfSite[Receptor_Ss]_v2": 9.439953080190558e-05, "yonPexPainTime1_v2": 0.00026412077389468115}