{"Bpsurgery_time_v2": -0.0034775302015853903, "Bpsurgery_yon_type": 0.000798907627256243, "Status_Explor_v1": -0.0038926794664218595, "equInjTbpiAgeClasY_v1": -0.00749102429486353, "lstInjSkuBra_v2": -0.0018416185592464618, "lstInjTpbiSide": 0.007089948688029074, "lstInjUppLimScaGirSide_v2": -0.0008075395846413067, "mulInjTbpiCauseSide[Motorcycle]_v1": 0.00022475444970945888, "mulPexDiagnosis_v1": -0.004525158615740501, "mulTransfSite[Donator_Ac]_v2": 0.006409550305342578, "mulTransfSite[Donator_Ph]_v2": -0.0004076149900127961, "mulTransfSite[Donator_Ul]_v2": 0.008585910257176019, "mulTransfSite[Receptor_Ax]_v2": 0.003491463088857895, "mulTransfSite[Receptor_Mc]_v2": 0.003400677097823381, "mulTransfSite[Receptor_Ss]_v2": 0.0047114609997462005}