{"number of trainning instances": 25, "number of selected attributes": 4, "selected attributes": ["lstInjTpbiSide", "mulPexDiagnosis_v1", "mulTransfSite[Donator_Ac]_v2", "mulTransfSite[Receptor_Ss]_v2"], "class attribute": "lstPexMuscstrength_ShoulderAbduc", "accuracy (%)": 64.0, "accuracy standard deviation": 0.48000000000000004, "true positive": 3, "false positive": 4, "true negative": 13, "false negative": 5, "satisfactory recovery - precision": 0.42857142857142855, "satisfactory recovery - recall": 0.375, "satisfactory recovery - specificity": 0.7647058823529411, "satisfactory recovery - f-measure": 0.39999999999999997, "unsatisfactory recovery - precision": 0.7222222222222222, "unsatisfactory recovery - recall": 0.7647058823529411, "unsatisfactory recovery - specificity": 0.375, "unsatisfactory recovery - f-measure": 0.7428571428571428, "number of initial attributes": 17, "initial attributes, % of missing": {"Bpsurgery_time_v2": 0.0, "Bpsurgery_yon_type": 40.0, "Status_Explor_v1": 52.0, "equInjTbpiAgeClasY_v1": 0.0, "lstInjSkuBra_v2": 24.0, "lstInjTpbiSide": 0.0, "lstInjUppLimScaGirSide_v2": 60.0, "mulInjTbpiCauseSide[Motorcycle]_v1": 0.0, "mulPexDiagnosis_v1": 4.0, "mulTransfSite[Donator_Ac]_v2": 40.0, "mulTransfSite[Donator_I]_v2": 40.0, "mulTransfSite[Donator_Ph]_v2": 40.0, "mulTransfSite[Donator_Ul]_v2": 40.0, "mulTransfSite[Receptor_Mc]_v2": 40.0, "mulTransfSite[Receptor_Ss]_v2": 40.0, "yonInjOrthesisSide_v2": 60.0, "yonInjPhysio": 64.0}, "initial attributes, importance": {"Bpsurgery_time_v2": 0.005064316718185941, "Bpsurgery_yon_type": 0.006276992220603504, "Status_Explor_v1": -0.0014711541501223563, "equInjTbpiAgeClasY_v1": 0.005457124448126243, "lstInjSkuBra_v2": 0.0016244899591510266, "lstInjTpbiSide": 0.009388940682282021, "lstInjUppLimScaGirSide_v2": -0.00016700117407975838, "mulInjTbpiCauseSide[Motorcycle]_v1": 0.001965917927525606, "mulPexDiagnosis_v1": 0.01639264237195853, "mulTransfSite[Donator_Ac]_v2": 0.01611249801987656, "mulTransfSite[Donator_I]_v2": 0.005874924062806489, "mulTransfSite[Donator_Ph]_v2": 0.0006814119427196812, "mulTransfSite[Donator_Ul]_v2": 0.006658154083469026, "mulTransfSite[Receptor_Mc]_v2": 0.00041938348261083704, "mulTransfSite[Receptor_Ss]_v2": 0.008965155540320518, "yonInjOrthesisSide_v2": 0.00010251156117982758, "yonInjPhysio": -0.0007243145656582968}}