{"number of trainning instances": 27, "number of selected attributes": 7, "selected attributes": ["Bpsurgery_time_v2", "equInjTbpiAgeClasY_v1", "lstInjSkuBra_v2", "mulPexDiagnosis_v1", "mulTransfSite[Donator_Ac]_v2", "mulTransfSite[Donator_I]_v2", "mulTransfSite[Donator_Ul]_v2"], "class attribute": "lstPexMuscstrength_ElbowFlex", "accuracy (%)": 55.55555555555556, "accuracy standard deviation": 0.4969039949999533, "true positive": 5, "false positive": 6, "true negative": 10, "false negative": 6, "satisfactory recovery - precision": 0.45454545454545453, "satisfactory recovery - recall": 0.45454545454545453, "satisfactory recovery - specificity": 0.625, "satisfactory recovery - f-measure": 0.45454545454545453, "unsatisfactory recovery - precision": 0.625, "unsatisfactory recovery - recall": 0.625, "unsatisfactory recovery - specificity": 0.45454545454545453, "unsatisfactory recovery - f-measure": 0.625, "number of initial attributes": 17, "initial attributes, % of missing": {"Bpsurgery_time_v2": 0.0, "Bpsurgery_yon_type": 37.03703703703704, "Status_Explor_v1": 48.148148148148145, "equInjTbpiAgeClasY_v1": 0.0, "lstInjSkuBra_v2": 25.925925925925924, "lstInjTpbiSide": 0.0, "lstInjUppLimScaGirSide_v2": 62.96296296296296, "mulInjTbpiCauseSide[Motorcycle]_v1": 0.0, "mulPexDiagnosis_v1": 3.7037037037037033, "mulTransfSite[Donator_Ac]_v2": 37.03703703703704, "mulTransfSite[Donator_I]_v2": 37.03703703703704, "mulTransfSite[Donator_Ph]_v2": 37.03703703703704, "mulTransfSite[Donator_Ul]_v2": 37.03703703703704, "mulTransfSite[Receptor_Mc]_v2": 37.03703703703704, "mulTransfSite[Receptor_Ss]_v2": 37.03703703703704, "yonInjOrthesisSide_v2": 59.25925925925925, "yonInjPhysio": 62.96296296296296}, "initial attributes, importance": {"Bpsurgery_time_v2": 0.020527098909222524, "Bpsurgery_yon_type": 0.002534192162155458, "Status_Explor_v1": 0.0012234117336652386, "equInjTbpiAgeClasY_v1": 0.013147836810704255, "lstInjSkuBra_v2": 0.006632806088026161, "lstInjTpbiSide": -0.0031617558162249215, "lstInjUppLimScaGirSide_v2": -0.00012252469072216232, "mulInjTbpiCauseSide[Motorcycle]_v1": 0.001237920669834287, "mulPexDiagnosis_v1": 0.014290086646237649, "mulTransfSite[Donator_Ac]_v2": 0.0030201890250991527, "mulTransfSite[Donator_I]_v2": 0.00597284274639915, "mulTransfSite[Donator_Ph]_v2": 0.001870968652723412, "mulTransfSite[Donator_Ul]_v2": 0.019235328317800757, "mulTransfSite[Receptor_Mc]_v2": 0.00013390352766921897, "mulTransfSite[Receptor_Ss]_v2": 0.0012269325622877132, "yonInjOrthesisSide_v2": 0.0015969760780354212, "yonInjPhysio": 0.0010569729354861208}}