{"number of trainning instances": 21, "number of selected attributes": 5, "selected attributes": ["equInjTbpiAgeClasY_v1", "mulInjTbpiCauseSide[Motorcycle]_v1", "mulPexDiagnosis_v1", "mulTransfSite[Donator_Ul]_v2", "yonInjOrthesisSide_v2"], "class attribute": "lstPexMuscstrength_ShoulderExrot", "accuracy (%)": 76.19047619047619, "accuracy standard deviation": 0.4259177099999599, "true positive": 0, "false positive": 0, "true negative": 16, "false negative": 5, "satisfactory recovery - precision": 0, "satisfactory recovery - recall": 0.0, "satisfactory recovery - specificity": 1.0, "satisfactory recovery - f-measure": 0, "unsatisfactory recovery - precision": 0.7619047619047619, "unsatisfactory recovery - recall": 1.0, "unsatisfactory recovery - specificity": 0.0, "unsatisfactory recovery - f-measure": 0.8648648648648648, "number of initial attributes": 17, "initial attributes, % of missing": {"Bpsurgery_time_v2": 0.0, "Bpsurgery_yon_type": 33.33333333333333, "Status_Explor_v1": 47.61904761904761, "equInjTbpiAgeClasY_v1": 0.0, "lstInjSkuBra_v2": 23.809523809523807, "lstInjTpbiSide": 0.0, "lstInjUppLimScaGirSide_v2": 57.14285714285714, "mulInjTbpiCauseSide[Motorcycle]_v1": 0.0, "mulPexDiagnosis_v1": 4.761904761904762, "mulTransfSite[Donator_Ac]_v2": 33.33333333333333, "mulTransfSite[Donator_I]_v2": 33.33333333333333, "mulTransfSite[Donator_Ph]_v2": 33.33333333333333, "mulTransfSite[Donator_Ul]_v2": 33.33333333333333, "mulTransfSite[Receptor_Mc]_v2": 33.33333333333333, "mulTransfSite[Receptor_Ss]_v2": 33.33333333333333, "yonInjOrthesisSide_v2": 57.14285714285714, "yonInjPhysio": 61.904761904761905}, "initial attributes, importance": {"Bpsurgery_time_v2": -0.0009744717723122043, "Bpsurgery_yon_type": -0.0031720766957719555, "Status_Explor_v1": -0.0019183555579133599, "equInjTbpiAgeClasY_v1": 0.005839536854533851, "lstInjSkuBra_v2": -0.003163666586410608, "lstInjTpbiSide": -0.00358693975490616, "lstInjUppLimScaGirSide_v2": -0.00010672967447326877, "mulInjTbpiCauseSide[Motorcycle]_v1": 0.009693699355367022, "mulPexDiagnosis_v1": 0.006075238467045819, "mulTransfSite[Donator_Ac]_v2": -0.0005044324468439647, "mulTransfSite[Donator_I]_v2": 8.305640459209736e-05, "mulTransfSite[Donator_Ph]_v2": -0.0008019348511250133, "mulTransfSite[Donator_Ul]_v2": 0.011272450271850412, "mulTransfSite[Receptor_Mc]_v2": -0.0018996581636053734, "mulTransfSite[Receptor_Ss]_v2": -0.002003605628080733, "yonInjOrthesisSide_v2": 0.0006985786516166155, "yonInjPhysio": -0.0011011530120279794}}