{"xvalues": [-0.0036670716, -0.002194721, -0.001886444, -0.0016334082, -0.0007928531, -0.0005759369, -0.000214131, -0.0002070448, -0.0001519699, -5.7e-09, 6.772e-05, 0.000432785, 0.0004431704, 0.0009423228, 0.0010799656, 0.0025064179, 0.0032411476, 0.0040565224, 0.0048856341, 0.0155662778], "yvalues": [0.6436781609195402, 0.632183908045977, 0.6206896551724138, 0.6436781609195402, 0.6436781609195402, 0.6551724137931034, 0.6781609195402298, 0.6781609195402298, 0.6666666666666667, 0.6666666666666667, 0.6551724137931034, 0.6436781609195402, 0.7011494252873562, 0.6436781609195402, 0.6436781609195402, 0.6896551724137931, 0.7126436781609196, 0.7126436781609196, 0.7011494252873562, 0.6666666666666667], "class_name": "lstPexMuscstrength_ElbowFlex", "special": 18}