{"xvalues": [-0.007032927, -0.0062497243, -0.0031679495, -0.0028335248, -0.0016524127, -0.0014986912, -0.0002317045, -0.0001401717, -0.0001391023, -2.8937e-05, 6.12217e-05, 6.69437e-05, 0.0004589285, 0.0006445961, 0.0026132008, 0.0030500724, 0.0039554788, 0.0131364095], "yvalues": [0.7083333333333333, 0.7083333333333333, 0.6875, 0.7083333333333333, 0.7083333333333333, 0.7083333333333333, 0.6875, 0.7083333333333333, 0.6875, 0.6666666666666667, 0.7291666666666667, 0.7083333333333333, 0.6875, 0.6666666666666667, 0.5416666666666667, 0.7291666666666667, 0.625, 0.6666666666666667], "class_name": "lstPexMuscstrength_ElbowFlex", "special": 11}