{"xvalues": [-0.0065636946, -0.0060311652, -0.0028131108, -0.0016849393, -0.0002741469, -2.22522e-05, 0.0008488856, 0.0013581227, 0.0016107142, 0.0033202278, 0.0077947049, 0.0079634162, 0.0124395501, 0.0186201235, 0.0292461423], "yvalues": [0.5882352941176471, 0.6470588235294117, 0.6470588235294117, 0.6470588235294117, 0.6470588235294117, 0.7058823529411764, 0.7647058823529411, 0.7647058823529411, 0.8235294117647058, 0.7058823529411764, 0.7058823529411764, 0.7058823529411764, 0.8235294117647058, 0.7058823529411764, 0.7058823529411764], "class_name": "yonPexPain", "special": 7}