{"xvalues": [-0.0032485437, -0.0019958995, -0.0015845126, 0.0001823277, 0.0003546371, 0.0008936595, 0.0018488975, 0.0021508921, 0.0024633203, 0.0024931639, 0.0027628311, 0.0029060887, 0.0047587655, 0.0113865148, 0.0118091002, 0.0263658863, 0.0302984929], "yvalues": [0.7407407407407407, 0.7407407407407407, 0.7407407407407407, 0.7777777777777778, 0.7777777777777778, 0.7777777777777778, 0.7777777777777778, 0.7407407407407407, 0.7407407407407407, 0.7407407407407407, 0.7407407407407407, 0.7037037037037037, 0.7777777777777778, 0.7037037037037037, 0.7407407407407407, 0.7407407407407407, 0.6666666666666667], "class_name": "lstPexMuscstrength_ElbowFlex", "special": 15}