{"xvalues": [-0.0086883957, -0.0026082784, -0.0022360246, -0.0016678716, -0.0005161635, -0.0003929471, 0.0002478991, 0.0010523023, 0.0027855967, 0.005042858, 0.0054968493, 0.0104615999, 0.0138022651, 0.0214263813, 0.0236410153], "yvalues": [0.7692307692307692, 0.7692307692307692, 0.7692307692307692, 0.7692307692307692, 0.7692307692307692, 0.7692307692307692, 0.7692307692307692, 0.7692307692307692, 0.8461538461538461, 0.8461538461538461, 0.8461538461538461, 0.8461538461538461, 0.9230769230769231, 0.8461538461538461, 0.8461538461538461], "class_name": "lstPexMuscstrength_ShoulderAbduc", "special": 14}