{"xvalues": [-0.0031617559, -0.0001225247, 0.0001339035, 0.0010569729, 0.0012234117, 0.0012269325, 0.0012379206, 0.001596976, 0.0018709686, 0.0025341921, 0.003020189, 0.0059728427, 0.006632806, 0.0131478368, 0.0142900866, 0.0192353283, 0.0205270989], "yvalues": [0.5925925925925926, 0.7037037037037037, 0.6296296296296297, 0.6296296296296297, 0.6296296296296297, 0.6666666666666667, 0.7037037037037037, 0.7037037037037037, 0.6666666666666667, 0.6296296296296297, 0.7037037037037037, 0.6666666666666667, 0.6296296296296297, 0.6666666666666667, 0.8148148148148149, 0.6666666666666667, 0.6296296296296297], "class_name": "lstPexMuscstrength_ElbowFlex", "special": 10}