{"number of trainning instances": 45, "number of selected attributes": 8, "selected attributes": ["Bpsurgery_time_v2", "equInjTbpiAgeClasY_v1", "lstInjTpbiSide", "lstInjUppLimScaGirSide_v2", "mulPexDiagnosis_v1", "mulTransfSite[Donator_I]_v2", "mulTransfSite[Donator_Ul]_v2", "mulTransfSite[Receptor_Ss]_v2"], "class attribute": "yonPexPain", "accuracy (%)": 62.22222222222222, "accuracy standard deviation": 0.48483164953936503, "true positive": 17, "false positive": 14, "true negative": 11, "false negative": 3, "satisfactory recovery - precision": 0.5483870967741935, "satisfactory recovery - recall": 0.85, "satisfactory recovery - specificity": 0.44, "satisfactory recovery - f-measure": 0.6666666666666665, "unsatisfactory recovery - precision": 0.7857142857142857, "unsatisfactory recovery - recall": 0.44, "unsatisfactory recovery - specificity": 0.85, "unsatisfactory recovery - f-measure": 0.5641025641025641, "number of initial attributes": 19, "initial attributes, % of missing": {"Bpsurgery_time_v2": 2.2222222222222223, "Bpsurgery_yon_type": 44.44444444444444, "Status_Explor_v1": 57.77777777777777, "equInjTbpiAgeClasY_v1": 0.0, "lstInjSkuBra_v2": 33.33333333333333, "lstInjTpbiSide": 0.0, "lstInjUppLimScaGirSide_v2": 53.333333333333336, "mulInjTbpiCauseSide[Motorcycle]_v1": 0.0, "mulPexDiagnosis_v1": 8.88888888888889, "mulTransfSite[Donator_Ac]_v2": 44.44444444444444, "mulTransfSite[Donator_I]_v2": 44.44444444444444, "mulTransfSite[Donator_Ph]_v2": 44.44444444444444, "mulTransfSite[Donator_Ul]_v2": 44.44444444444444, "mulTransfSite[Receptor_Mc]_v2": 44.44444444444444, "mulTransfSite[Receptor_Ss]_v2": 44.44444444444444, "yonInjOrthesisSide_v2": 62.22222222222222, "yonInjPhysio": 64.44444444444444, "yonPexPainTime1_v2": 80.0, "yonPexPainTime2_v2": 66.66666666666666}, "initial attributes, importance": {"Bpsurgery_time_v2": 0.026552467306594444, "Bpsurgery_yon_type": 0.0025411042333963203, "Status_Explor_v1": 0.004741251718576263, "equInjTbpiAgeClasY_v1": 0.008797582186063937, "lstInjSkuBra_v2": 0.002304455428370581, "lstInjTpbiSide": 0.006702809992366321, "lstInjUppLimScaGirSide_v2": 0.0065935403578436125, "mulInjTbpiCauseSide[Motorcycle]_v1": -0.002945702355992431, "mulPexDiagnosis_v1": 0.01480417288721355, "mulTransfSite[Donator_Ac]_v2": 0.0022863458670322042, "mulTransfSite[Donator_I]_v2": 0.005615990482436193, "mulTransfSite[Donator_Ph]_v2": 0.0022901031658965295, "mulTransfSite[Donator_Ul]_v2": 0.006014075225245901, "mulTransfSite[Receptor_Mc]_v2": 8.016250102146643e-05, "mulTransfSite[Receptor_Ss]_v2": 0.005151111219008068, "yonInjOrthesisSide_v2": -0.00021740640097530126, "yonInjPhysio": 0.0015023667244422254, "yonPexPainTime1_v2": 2.1473497820952816e-06, "yonPexPainTime2_v2": 0.0009228555062162322}}