{"number of trainning instances": 37, "number of selected attributes": 2, "selected attributes": ["equInjTbpiAgeClasY_v1", "mulPexDiagnosis_v1"], "class attribute": "lstPexMuscstrength_ShoulderAbduc", "accuracy (%)": 72.97297297297297, "accuracy standard deviation": 0.4440993709501347, "true positive": 6, "false positive": 2, "true negative": 21, "false negative": 8, "satisfactory recovery - precision": 0.75, "satisfactory recovery - recall": 0.42857142857142855, "satisfactory recovery - specificity": 0.9130434782608695, "satisfactory recovery - f-measure": 0.5454545454545454, "unsatisfactory recovery - precision": 0.7241379310344828, "unsatisfactory recovery - recall": 0.9130434782608695, "unsatisfactory recovery - specificity": 0.42857142857142855, "unsatisfactory recovery - f-measure": 0.8076923076923076, "number of initial attributes": 19, "initial attributes, % of missing": {"Bpsurgery_time_v2": 0.0, "Bpsurgery_yon_type": 48.64864864864865, "Status_Explor_v1": 59.45945945945946, "equInjTbpiAgeClasY_v1": 0.0, "lstInjSkuBra_v2": 29.72972972972973, "lstInjTpbiSide": 0.0, "lstInjUppLimScaGirSide_v2": 51.35135135135135, "mulInjTbpiCauseSide[Motorcycle]_v1": 0.0, "mulPexDiagnosis_v1": 2.7027027027027026, "mulTransfSite[Donator_Ac]_v2": 48.64864864864865, "mulTransfSite[Donator_I]_v2": 48.64864864864865, "mulTransfSite[Donator_Ph]_v2": 48.64864864864865, "mulTransfSite[Donator_Ul]_v2": 48.64864864864865, "mulTransfSite[Receptor_Mc]_v2": 48.64864864864865, "mulTransfSite[Receptor_Ss]_v2": 48.64864864864865, "yonInjOrthesisSide_v2": 56.75675675675676, "yonInjPhysio": 59.45945945945946, "yonPexPainTime1_v2": 75.67567567567568, "yonPexPainTime2_v2": 67.56756756756756}, "initial attributes, importance": {"Bpsurgery_time_v2": 0.006439264206210818, "Bpsurgery_yon_type": 0.0038553954546756007, "Status_Explor_v1": -0.0012623725671116195, "equInjTbpiAgeClasY_v1": 0.015017363316103587, "lstInjSkuBra_v2": 0.0013509222807363177, "lstInjTpbiSide": 0.00111403624481009, "lstInjUppLimScaGirSide_v2": 0.001340417317621876, "mulInjTbpiCauseSide[Motorcycle]_v1": 0.007822794126933305, "mulPexDiagnosis_v1": 0.017052232299982772, "mulTransfSite[Donator_Ac]_v2": 0.006261769841553894, "mulTransfSite[Donator_I]_v2": 0.0020778715523766507, "mulTransfSite[Donator_Ph]_v2": -9.832394715418111e-05, "mulTransfSite[Donator_Ul]_v2": 0.0017723257843233842, "mulTransfSite[Receptor_Mc]_v2": 0.0006584811737781143, "mulTransfSite[Receptor_Ss]_v2": 0.0007048289447809543, "yonInjOrthesisSide_v2": 0.0006234684483034811, "yonInjPhysio": -0.0010001211860839933, "yonPexPainTime1_v2": -0.00010005214444326626, "yonPexPainTime2_v2": 0.00017912775681221994}}