{"number of trainning instances": 39, "number of selected attributes": 3, "selected attributes": ["Bpsurgery_time_v2", "equInjTbpiAgeClasY_v1", "mulPexDiagnosis_v1"], "class attribute": "lstPexMuscstrength_ElbowFlex", "accuracy (%)": 89.74358974358975, "accuracy standard deviation": 0.3033887068256214, "true positive": 16, "false positive": 1, "true negative": 19, "false negative": 3, "satisfactory recovery - precision": 0.9411764705882353, "satisfactory recovery - recall": 0.8421052631578947, "satisfactory recovery - specificity": 0.95, "satisfactory recovery - f-measure": 0.8888888888888888, "unsatisfactory recovery - precision": 0.8636363636363636, "unsatisfactory recovery - recall": 0.95, "unsatisfactory recovery - specificity": 0.8421052631578947, "unsatisfactory recovery - f-measure": 0.9047619047619048, "number of initial attributes": 19, "initial attributes, % of missing": {"Bpsurgery_time_v2": 0.0, "Bpsurgery_yon_type": 46.15384615384615, "Status_Explor_v1": 56.41025641025641, "equInjTbpiAgeClasY_v1": 0.0, "lstInjSkuBra_v2": 30.76923076923077, "lstInjTpbiSide": 0.0, "lstInjUppLimScaGirSide_v2": 53.84615384615385, "mulInjTbpiCauseSide[Motorcycle]_v1": 0.0, "mulPexDiagnosis_v1": 2.564102564102564, "mulTransfSite[Donator_Ac]_v2": 46.15384615384615, "mulTransfSite[Donator_I]_v2": 46.15384615384615, "mulTransfSite[Donator_Ph]_v2": 46.15384615384615, "mulTransfSite[Donator_Ul]_v2": 46.15384615384615, "mulTransfSite[Receptor_Mc]_v2": 46.15384615384615, "mulTransfSite[Receptor_Ss]_v2": 46.15384615384615, "yonInjOrthesisSide_v2": 56.41025641025641, "yonInjPhysio": 58.97435897435898, "yonPexPainTime1_v2": 76.92307692307693, "yonPexPainTime2_v2": 66.66666666666666}, "initial attributes, importance": {"Bpsurgery_time_v2": 0.01811443030261529, "Bpsurgery_yon_type": 0.002551568242758391, "Status_Explor_v1": 2.284086869558442e-05, "equInjTbpiAgeClasY_v1": 0.0208455432136755, "lstInjSkuBra_v2": 0.005961529688048404, "lstInjTpbiSide": -0.0022541183575772315, "lstInjUppLimScaGirSide_v2": -0.001111083394356913, "mulInjTbpiCauseSide[Motorcycle]_v1": 0.002951678674305664, "mulPexDiagnosis_v1": 0.017125793337199036, "mulTransfSite[Donator_Ac]_v2": 0.003449168366183055, "mulTransfSite[Donator_I]_v2": 0.006296017460744898, "mulTransfSite[Donator_Ph]_v2": 0.001588598932992496, "mulTransfSite[Donator_Ul]_v2": 0.013686852860405713, "mulTransfSite[Receptor_Mc]_v2": 0.0007658500895364358, "mulTransfSite[Receptor_Ss]_v2": 0.0012411237905938911, "yonInjOrthesisSide_v2": 0.002316969837757986, "yonInjPhysio": 0.0004055536674261796, "yonPexPainTime1_v2": 0.0002611408880179417, "yonPexPainTime2_v2": 0.0006593545717222523}}