{"Bpsurgery_time_v2": 0.027947264725515376, "Bpsurgery_yon_type": 0.005851020507964127, "Status_Explor_v1": 0.00673189746000185, "equInjTbpiAgeClasY_v1": 0.006838153270666772, "lstInjSkuBra_v2": 0.009120678138487097, "lstInjTpbiSide": 0.0012353850020316727, "lstInjUppLimScaGirSide_v2": 0.0042340635269549525, "mulInjTbpiCauseSide[Motorcycle]_v1": -0.005178345194541955, "mulPexDiagnosis_v1": 0.018139169451463266, "mulTransfSite[Donator_Ac]_v2": 0.0027453503776989087, "mulTransfSite[Donator_I]_v2": 0.0074028643599729545, "mulTransfSite[Donator_Ph]_v2": 0.001958128506943744, "mulTransfSite[Donator_Ul]_v2": 0.0074135765587475385, "mulTransfSite[Receptor_Mc]_v2": 0.00036463406064485846, "mulTransfSite[Receptor_Ss]_v2": 0.006478419212372434, "yonInjOrthesisSide_v2": 0.00041912440161540336, "yonInjPhysio": 8.51044409832652e-05}