{"Bpsurgery_time_v2": 0.020527098909222524, "Bpsurgery_yon_type": 0.002534192162155458, "Status_Explor_v1": 0.0012234117336652386, "equInjTbpiAgeClasY_v1": 0.013147836810704255, "lstInjSkuBra_v2": 0.006632806088026161, "lstInjTpbiSide": -0.0031617558162249215, "lstInjUppLimScaGirSide_v2": -0.00012252469072216232, "mulInjTbpiCauseSide[Motorcycle]_v1": 0.001237920669834287, "mulPexDiagnosis_v1": 0.014290086646237649, "mulTransfSite[Donator_Ac]_v2": 0.0030201890250991527, "mulTransfSite[Donator_I]_v2": 0.00597284274639915, "mulTransfSite[Donator_Ph]_v2": 0.001870968652723412, "mulTransfSite[Donator_Ul]_v2": 0.019235328317800757, "mulTransfSite[Receptor_Mc]_v2": 0.00013390352766921897, "mulTransfSite[Receptor_Ss]_v2": 0.0012269325622877132, "yonInjOrthesisSide_v2": 0.0015969760780354212, "yonInjPhysio": 0.0010569729354861208}