{"Bpsurgery_time_v2": 0.005064316718185941, "Bpsurgery_yon_type": 0.006276992220603504, "Status_Explor_v1": -0.0014711541501223563, "equInjTbpiAgeClasY_v1": 0.005457124448126243, "lstInjSkuBra_v2": 0.0016244899591510266, "lstInjTpbiSide": 0.009388940682282021, "lstInjUppLimScaGirSide_v2": -0.00016700117407975838, "mulInjTbpiCauseSide[Motorcycle]_v1": 0.001965917927525606, "mulPexDiagnosis_v1": 0.01639264237195853, "mulTransfSite[Donator_Ac]_v2": 0.01611249801987656, "mulTransfSite[Donator_I]_v2": 0.005874924062806489, "mulTransfSite[Donator_Ph]_v2": 0.0006814119427196812, "mulTransfSite[Donator_Ul]_v2": 0.006658154083469026, "mulTransfSite[Receptor_Mc]_v2": 0.00041938348261083704, "mulTransfSite[Receptor_Ss]_v2": 0.008965155540320518, "yonInjOrthesisSide_v2": 0.00010251156117982758, "yonInjPhysio": -0.0007243145656582968}