{"Bpsurgery_time_v2": -0.0009744717723122043, "Bpsurgery_yon_type": -0.0031720766957719555, "Status_Explor_v1": -0.0019183555579133599, "equInjTbpiAgeClasY_v1": 0.005839536854533851, "lstInjSkuBra_v2": -0.003163666586410608, "lstInjTpbiSide": -0.00358693975490616, "lstInjUppLimScaGirSide_v2": -0.00010672967447326877, "mulInjTbpiCauseSide[Motorcycle]_v1": 0.009693699355367022, "mulPexDiagnosis_v1": 0.006075238467045819, "mulTransfSite[Donator_Ac]_v2": -0.0005044324468439647, "mulTransfSite[Donator_I]_v2": 8.305640459209736e-05, "mulTransfSite[Donator_Ph]_v2": -0.0008019348511250133, "mulTransfSite[Donator_Ul]_v2": 0.011272450271850412, "mulTransfSite[Receptor_Mc]_v2": -0.0018996581636053734, "mulTransfSite[Receptor_Ss]_v2": -0.002003605628080733, "yonInjOrthesisSide_v2": 0.0006985786516166155, "yonInjPhysio": -0.0011011530120279794}