{"xvalues": [-0.0035869398, -0.0031720767, -0.0031636666, -0.0020036057, -0.0019183556, -0.0018996582, -0.0011011531, -0.0009744718, -0.0008019349, -0.0005044325, -0.0001067297, 8.30564e-05, 0.0006985786, 0.0058395368, 0.0060752384, 0.0096936993, 0.0112724502], "yvalues": [0.7619047619047619, 0.7619047619047619, 0.7619047619047619, 0.7619047619047619, 0.7619047619047619, 0.7619047619047619, 0.7619047619047619, 0.7619047619047619, 0.7619047619047619, 0.7619047619047619, 0.7619047619047619, 0.7619047619047619, 0.7619047619047619, 0.7142857142857143, 0.7142857142857143, 0.7142857142857143, 0.8095238095238095], "class_name": "lstPexMuscstrength_ShoulderExrot", "special": 12}