{"xvalues": [-0.0036161458, -0.0003354412, -7.27869e-05, -7.12054e-05, 1.00496e-05, 6.53477e-05, 0.0003433169, 0.000492852, 0.0007352429, 0.0012859052, 0.0013723889, 0.0018500715, 0.0023048922, 0.0027241863, 0.0040508187, 0.0045007298], "yvalues": [0.8285714285714285, 0.8285714285714285, 0.8285714285714285, 0.8285714285714285, 0.8285714285714285, 0.8285714285714285, 0.8285714285714285, 0.8285714285714285, 0.8285714285714285, 0.8285714285714285, 0.8285714285714285, 0.8285714285714285, 0.8285714285714285, 0.8, 0.8285714285714285, 0.8], "class_name": "lstPexMuscstrength_ElbowFlex", "special": 14}