{"number of trainning instances": 32, "number of selected attributes": 5, "selected attributes": ["equInjTbpiAgeClasY_v1", "mulPexDiagnosis_v1", "mulTransfSite[Receptor_Ax]_v2", "mulTransfSite[Receptor_Mc]_v2", "yonPexPainTime1_v2"], "class attribute": "lstPexMuscstrength_ShoulderExrot", "accuracy (%)": 56.25, "accuracy standard deviation": 0.49607837082461076, "true positive": 11, "false positive": 10, "true negative": 7, "false negative": 4, "satisfactory recovery - precision": 0.5238095238095238, "satisfactory recovery - recall": 0.7333333333333333, "satisfactory recovery - specificity": 0.4117647058823529, "satisfactory recovery - f-measure": 0.611111111111111, "unsatisfactory recovery - precision": 0.6363636363636364, "unsatisfactory recovery - recall": 0.4117647058823529, "unsatisfactory recovery - specificity": 0.7333333333333333, "unsatisfactory recovery - f-measure": 0.5, "number of initial attributes": 16, "initial attributes, % of missing": {"Bpsurgery_time_v2": 0.0, "Bpsurgery_yon_type": 15.625, "Status_Explor_v1": 18.75, "equInjTbpiAgeClasY_v1": 0.0, "lstInjSkuBra_v2": 28.125, "lstInjTpbiSide": 0.0, "lstInjUppLimScaGirSide_v2": 28.125, "mulInjTbpiCauseSide[Motorcycle]_v1": 0.0, "mulPexDiagnosis_v1": 0.0, "mulTransfSite[Donator_Ac]_v2": 15.625, "mulTransfSite[Donator_Ph]_v2": 15.625, "mulTransfSite[Donator_Ul]_v2": 15.625, "mulTransfSite[Receptor_Ax]_v2": 15.625, "mulTransfSite[Receptor_Mc]_v2": 15.625, "mulTransfSite[Receptor_Ss]_v2": 15.625, "yonPexPainTime1_v2": 90.625}, "initial attributes, importance": {"Bpsurgery_time_v2": -0.006815976043330573, "Bpsurgery_yon_type": -0.0008968342882372575, "Status_Explor_v1": -0.0012872389266735393, "equInjTbpiAgeClasY_v1": 0.03882305545772866, "lstInjSkuBra_v2": -0.0017461442443446043, "lstInjTpbiSide": -0.005809782698804896, "lstInjUppLimScaGirSide_v2": -0.0010128446886657747, "mulInjTbpiCauseSide[Motorcycle]_v1": -0.0055809262278968316, "mulPexDiagnosis_v1": 0.00938929727651984, "mulTransfSite[Donator_Ac]_v2": -0.0038481364728552786, "mulTransfSite[Donator_Ph]_v2": -0.006007771997049143, "mulTransfSite[Donator_Ul]_v2": -0.0017187319841226551, "mulTransfSite[Receptor_Ax]_v2": 0.008489862810404968, "mulTransfSite[Receptor_Mc]_v2": 0.0016454624597058598, "mulTransfSite[Receptor_Ss]_v2": -0.003272862541627538, "yonPexPainTime1_v2": -7.964675171858735e-05}}