{"number of trainning instances": 34, "number of selected attributes": 8, "selected attributes": ["equInjTbpiAgeClasY_v1", "lstInjTpbiSide", "mulPexDiagnosis_v1", "mulTransfSite[Donator_Ac]_v2", "mulTransfSite[Donator_Ul]_v2", "mulTransfSite[Receptor_Ax]_v2", "mulTransfSite[Receptor_Mc]_v2", "mulTransfSite[Receptor_Ss]_v2"], "class attribute": "lstPexMuscstrength_ShoulderAbduc", "accuracy (%)": 55.88235294117647, "accuracy standard deviation": 0.4965277357686509, "true positive": 12, "false positive": 12, "true negative": 7, "false negative": 3, "satisfactory recovery - precision": 0.5, "satisfactory recovery - recall": 0.8, "satisfactory recovery - specificity": 0.3684210526315789, "satisfactory recovery - f-measure": 0.6153846153846154, "unsatisfactory recovery - precision": 0.7, "unsatisfactory recovery - recall": 0.3684210526315789, "unsatisfactory recovery - specificity": 0.8, "unsatisfactory recovery - f-measure": 0.48275862068965514, "number of initial attributes": 16, "initial attributes, % of missing": {"Bpsurgery_time_v2": 0.0, "Bpsurgery_yon_type": 14.705882352941178, "Status_Explor_v1": 17.647058823529413, "equInjTbpiAgeClasY_v1": 0.0, "lstInjSkuBra_v2": 32.35294117647059, "lstInjTpbiSide": 0.0, "lstInjUppLimScaGirSide_v2": 29.411764705882355, "mulInjTbpiCauseSide[Motorcycle]_v1": 0.0, "mulPexDiagnosis_v1": 0.0, "mulTransfSite[Donator_Ac]_v2": 14.705882352941178, "mulTransfSite[Donator_Ph]_v2": 14.705882352941178, "mulTransfSite[Donator_Ul]_v2": 14.705882352941178, "mulTransfSite[Receptor_Ax]_v2": 14.705882352941178, "mulTransfSite[Receptor_Mc]_v2": 14.705882352941178, "mulTransfSite[Receptor_Ss]_v2": 14.705882352941178, "yonPexPainTime1_v2": 91.17647058823529}, "initial attributes, importance": {"Bpsurgery_time_v2": -0.007626394629270525, "Bpsurgery_yon_type": 0.0016365837832544488, "Status_Explor_v1": -0.00281848311538844, "equInjTbpiAgeClasY_v1": 0.013416654708796294, "lstInjSkuBra_v2": -0.0007684352628863723, "lstInjTpbiSide": 0.016956871218718878, "lstInjUppLimScaGirSide_v2": 5.0570614951856214e-05, "mulInjTbpiCauseSide[Motorcycle]_v1": 0.00017494361437337566, "mulPexDiagnosis_v1": 0.00376366052130899, "mulTransfSite[Donator_Ac]_v2": 0.007594110325258222, "mulTransfSite[Donator_Ph]_v2": -0.0017326567980675911, "mulTransfSite[Donator_Ul]_v2": 0.0024769338947238655, "mulTransfSite[Receptor_Ax]_v2": 0.010643729466655389, "mulTransfSite[Receptor_Mc]_v2": 0.004772074283146635, "mulTransfSite[Receptor_Ss]_v2": 0.004547361015114349, "yonPexPainTime1_v2": -3.398028646802421e-05}}