{"number of trainning instances": 35, "number of selected attributes": 1, "selected attributes": ["lstInjTpbiSide"], "class attribute": "yonPexPain", "accuracy (%)": 74.28571428571429, "accuracy standard deviation": 0.4370588154508102, "true positive": 0, "false positive": 0, "true negative": 26, "false negative": 9, "satisfactory recovery - precision": 0, "satisfactory recovery - recall": 0.0, "satisfactory recovery - specificity": 1.0, "satisfactory recovery - f-measure": 0, "unsatisfactory recovery - precision": 0.7428571428571429, "unsatisfactory recovery - recall": 1.0, "unsatisfactory recovery - specificity": 0.0, "unsatisfactory recovery - f-measure": 0.8524590163934427, "number of initial attributes": 17, "initial attributes, % of missing": {"Bpsurgery_time_v2": 0.0, "Bpsurgery_yon_type": 8.571428571428571, "Status_Explor_v1": 11.428571428571429, "equInjTbpiAgeClasY_v1": 0.0, "lstInjSkuBra_v2": 22.857142857142858, "lstInjTpbiSide": 0.0, "lstInjUppLimScaGirSide_v2": 37.142857142857146, "mulInjTbpiCauseSide[Motorcycle]_v1": 0.0, "mulPexDiagnosis_v1": 0.0, "mulTransfSite[Donator_Ac]_v2": 8.571428571428571, "mulTransfSite[Donator_Ph]_v2": 8.571428571428571, "mulTransfSite[Donator_Ul]_v2": 8.571428571428571, "mulTransfSite[Receptor_Ax]_v2": 8.571428571428571, "mulTransfSite[Receptor_Mc]_v2": 8.571428571428571, "mulTransfSite[Receptor_Ss]_v2": 8.571428571428571, "yonInjPhysio": 71.42857142857143, "yonPexPainTime1_v2": 77.14285714285715}, "initial attributes, importance": {"Bpsurgery_time_v2": 0.00020630869941007878, "Bpsurgery_yon_type": -0.0004412273100935368, "Status_Explor_v1": -0.0013766407437159, "equInjTbpiAgeClasY_v1": -0.005020572264723435, "lstInjSkuBra_v2": -0.001166641705196851, "lstInjTpbiSide": 0.008219904737001325, "lstInjUppLimScaGirSide_v2": 0.001303023428106982, "mulInjTbpiCauseSide[Motorcycle]_v1": -0.0013789138054285022, "mulPexDiagnosis_v1": -0.006843425054582829, "mulTransfSite[Donator_Ac]_v2": -0.0042046448918674475, "mulTransfSite[Donator_Ph]_v2": -0.0043624008281134006, "mulTransfSite[Donator_Ul]_v2": -0.002071619689033348, "mulTransfSite[Receptor_Ax]_v2": 0.0008940468938069416, "mulTransfSite[Receptor_Mc]_v2": -0.0038896414834027316, "mulTransfSite[Receptor_Ss]_v2": 0.0031678560978415293, "yonInjPhysio": 0.0006138948732144374, "yonPexPainTime1_v2": -8.484038663145699e-05}}