{"xvalues": [-0.0048865593, -0.0044347002, -0.002232802, -0.0017852302, -0.0016169452, -0.0010527427, -0.0001860124, -0.0001674698, 0.0001476385, 0.0002525202, 0.0004516217, 0.0006775838, 0.0006916103, 0.0013941357, 0.0017310707, 0.0018719798, 0.0020674496, 0.006010703, 0.0131915799, 0.0132373651], "yvalues": [0.582089552238806, 0.5671641791044777, 0.582089552238806, 0.582089552238806, 0.5970149253731343, 0.6119402985074627, 0.6119402985074627, 0.6119402985074627, 0.6119402985074627, 0.6716417910447761, 0.6417910447761195, 0.6268656716417911, 0.6417910447761195, 0.7014925373134329, 0.6716417910447761, 0.6417910447761195, 0.5522388059701493, 0.6567164179104478, 0.7014925373134329, 0.6119402985074627], "class_name": "lstPexMuscstrength_ShoulderExrot", "special": 14}