{"xvalues": [-0.0068796551, -0.0067687934, -0.004769827, -0.0024902156, -0.0004776416, -0.0004762649, 4.5316e-05, 6.11464e-05, 0.0001164674, 0.0003448165, 0.0006682629, 0.0020219563, 0.0046709125, 0.0078761986, 0.0078895314, 0.0133526913, 0.0174234238], "yvalues": [0.5128205128205128, 0.5897435897435898, 0.641025641025641, 0.641025641025641, 0.6666666666666667, 0.6923076923076923, 0.6666666666666667, 0.6923076923076923, 0.6923076923076923, 0.717948717948718, 0.717948717948718, 0.717948717948718, 0.717948717948718, 0.6666666666666667, 0.7435897435897436, 0.5384615384615384, 0.6923076923076923], "class_name": "lstPexMuscstrength_ShoulderExrot", "special": 12}