{"Bpsurgery_time_v2": 0.0004938139467233647, "Bpsurgery_yon_type": -0.0003386869757279885, "Status_Explor_v1": -0.001623579529556229, "equInjTbpiAgeClasY_v1": -0.0029045696688168184, "lstInjSkuBra_v2": -0.0007817025427134984, "lstInjTpbiSide": 0.007366835856937841, "lstInjUppLimScaGirSide_v2": 0.0005400522877238061, "mulInjTbpiCauseSide[Motorcycle]_v1": -0.0011081329521641457, "mulPexDiagnosis_v1": -0.004605745717323404, "mulTransfSite[Donator_Ac]_v2": -0.0016996234335924293, "mulTransfSite[Donator_Ph]_v2": -0.002741470558380861, "mulTransfSite[Donator_Ul]_v2": -0.0014397967950678461, "mulTransfSite[Receptor_Ax]_v2": 0.000716144527198106, "mulTransfSite[Receptor_Mc]_v2": -0.0026106927430610068, "mulTransfSite[Receptor_Ss]_v2": 0.004437345242684176, "yonInjPhysio": 0.0007414660503411174, "yonPexPainTime1_v2": 1.6830326557854735e-05}