{"Bpsurgery_time_v2": -0.006380342510304747, "Bpsurgery_yon_type": -0.001000379901769693, "Status_Explor_v1": -0.003329915658141361, "equInjTbpiAgeClasY_v1": 0.032726472949257866, "lstInjSkuBra_v2": -0.0013474477255926848, "lstInjTpbiSide": -0.008004616293511463, "lstInjUppLimScaGirSide_v2": -0.0025522745225171517, "mulInjTbpiCauseSide[Motorcycle]_v1": -0.005093410516149493, "mulPexDiagnosis_v1": 0.005317931132779925, "mulTransfSite[Donator_Ac]_v2": -0.004419657879707736, "mulTransfSite[Donator_Ph]_v2": -0.006000739045830721, "mulTransfSite[Donator_Ul]_v2": -0.002527526882650667, "mulTransfSite[Receptor_Ax]_v2": 0.0069283831966442545, "mulTransfSite[Receptor_Mc]_v2": 0.000520331441341357, "mulTransfSite[Receptor_Ss]_v2": -0.004070492857966675, "yonPexPainTime1_v2": -5.535667986707189e-05}