{"Bpsurgery_time_v2": -0.001808585259500958, "Bpsurgery_yon_type": -0.0003309019493527273, "Status_Explor_v1": 0.007567190165955652, "equInjTbpiAgeClasY_v1": -0.0031410745705357356, "lstInjSkuBra_v2": -0.00024754354646248607, "lstInjTpbiSide": -0.0012259529602766837, "lstInjUppLimScaGirSide_v2": 0.00028441899847405966, "mulInjTbpiCauseSide[Motorcycle]_v1": 0.0005866109495383638, "mulPexDiagnosis_v1": 0.0006007266745119173, "mulTransfSite[Donator_Ac]_v2": -0.0004697024588535649, "mulTransfSite[Donator_Ph]_v2": 0.00013863257438572415, "mulTransfSite[Donator_Ul]_v2": -0.0017595110646074913, "mulTransfSite[Receptor_Ax]_v2": -0.0005477268340235176, "mulTransfSite[Receptor_Mc]_v2": -0.0001510138680491842, "mulTransfSite[Receptor_Ss]_v2": -0.0011023788555608852, "yonInjPhysio": 2.540510037133367e-05, "yonPexPainTime1_v2": 5.265574937810705e-05}