{"Bpsurgery_time_v2": -0.006287039266061105, "Bpsurgery_yon_type": 0.0014175867076715476, "Status_Explor_v1": -0.0040385123080041215, "equInjTbpiAgeClasY_v1": 0.007432184092652, "lstInjSkuBra_v2": -0.0004591377638082582, "lstInjTpbiSide": 0.01376695641002782, "lstInjUppLimScaGirSide_v2": -0.0006223052996555442, "mulInjTbpiCauseSide[Motorcycle]_v1": -0.0002874544775282273, "mulPexDiagnosis_v1": 0.006149433916080586, "mulTransfSite[Donator_Ac]_v2": 0.006518429590329497, "mulTransfSite[Donator_Ph]_v2": -0.0016970199682867224, "mulTransfSite[Donator_Ul]_v2": 0.0015702973767075228, "mulTransfSite[Receptor_Ax]_v2": 0.010678108355080542, "mulTransfSite[Receptor_Mc]_v2": 0.003928531480158968, "mulTransfSite[Receptor_Ss]_v2": 0.002602446183866033, "yonPexPainTime1_v2": -1.8403212781479966e-05}