{"xvalues": [-0.0067395782, -0.0051630627, -0.003356941, -0.0009086469, -0.0003312195, 0.0007487107, 0.0007581671, 0.0013773531, 0.0017594184, 0.0037507221, 0.0074297947, 0.0086844188, 0.0120805934, 0.0176878814, 0.0297037399], "yvalues": [0.5882352941176471, 0.6470588235294117, 0.7058823529411764, 0.6470588235294117, 0.6470588235294117, 0.7058823529411764, 0.7058823529411764, 0.8235294117647058, 0.7647058823529411, 0.8823529411764706, 0.7647058823529411, 0.6470588235294117, 0.8235294117647058, 0.7058823529411764, 0.7058823529411764], "class_name": "yonPexPain", "special": 12}