{"xvalues": [-0.0047727204, -0.0040042712, -0.0023959489, -0.0023369247, -0.0015117155, -0.0004924102, -7.32037e-05, -3.36356e-05, 0.0002743113, 0.0008366328, 0.0014153503, 0.0020979869, 0.0025484069, 0.0048658724, 0.005351537, 0.0055068438, 0.007578908, 0.0103369793, 0.0187355798], "yvalues": [0.6603773584905661, 0.6415094339622642, 0.6603773584905661, 0.7169811320754718, 0.7169811320754718, 0.679245283018868, 0.6603773584905661, 0.679245283018868, 0.6603773584905661, 0.6603773584905661, 0.6981132075471699, 0.6603773584905661, 0.6603773584905661, 0.6415094339622642, 0.6415094339622642, 0.6981132075471699, 0.6981132075471699, 0.679245283018868, 0.6603773584905661], "class_name": "lstPexMuscstrength_ShoulderExrot", "special": 18}