{"Bpsurgery_time_v2": -0.0067687933066916065, "Bpsurgery_yon_type": 0.007889531449043995, "Status_Explor_v1": 0.004670912503426089, "equInjTbpiAgeClasY_v1": 0.013352691344293035, "lstInjSkuBra_v2": 4.531601594089557e-05, "lstInjTpbiSide": -0.006879655029536817, "lstInjUppLimScaGirSide_v2": 0.00011646744205390856, "mulInjTbpiCauseSide[Motorcycle]_v1": -0.00047764154572792845, "mulPexDiagnosis_v1": 0.0174234238028303, "mulTransfSite[Donator_Ac]_v2": -0.0047698269453375405, "mulTransfSite[Donator_I]_v2": 0.002021956358285471, "mulTransfSite[Donator_Ph]_v2": -0.0024902155941070305, "mulTransfSite[Donator_Ul]_v2": 0.0003448165669766598, "mulTransfSite[Receptor_Ax]_v2": 0.007876198629374706, "mulTransfSite[Receptor_Mc]_v2": 0.0006682629817731303, "mulTransfSite[Receptor_Ss]_v2": -0.00047626489968790724, "yonInjOrthesisSide_v2": 6.114641599309373e-05}