{"Bpsurgery_time_v2": -0.005669685474865611, "Bpsurgery_yon_type": 0.0002656188496306269, "Status_Explor_v1": 0.0002142725162371234, "equInjTbpiAgeClasY_v1": -0.004026893847494431, "lstInjSkuBra_v2": 0.000575793621262101, "lstInjTpbiSide": -0.0001592532165770457, "lstInjUppLimScaGirSide_v2": -0.0001861487499565766, "mulInjTbpiCauseSide[Motorcycle]_v1": -0.0015914926826391573, "mulPexDiagnosis_v1": 0.016630656170124773, "mulTransfSite[Donator_Ac]_v2": -0.0008012231980750777, "mulTransfSite[Donator_I]_v2": 0.00420833823381071, "mulTransfSite[Donator_Ph]_v2": -8.72817110481343e-05, "mulTransfSite[Donator_Ul]_v2": 0.0042532851872789, "mulTransfSite[Receptor_Ax]_v2": -0.0004675254177555924, "mulTransfSite[Receptor_Mc]_v2": -0.0005719376681856981, "mulTransfSite[Receptor_Ss]_v2": 0.0011606195877830515, "yonInjOrthesisSide_v2": -0.00012134815459518164, "yonPexPainTime1_v2": 0.0001295583459033122}