{"Bpsurgery_time_v2": -0.006236543119248927, "Bpsurgery_yon_type": -0.005908932503642205, "Status_Explor_v1": 0.0010020509010935715, "equInjTbpiAgeClasY_v1": 0.002445252595416679, "lstInjSkuBra_v2": -0.0006832613991572227, "lstInjTpbiSide": 0.004320039830678877, "lstInjUppLimScaGirSide_v2": 0.0033590553477051872, "mulInjTbpiCauseSide[Motorcycle]_v1": -0.003086232275436846, "mulPexDiagnosis_v1": -0.0016797586387059793, "mulTransfSite[Donator_Ac]_v2": -0.005393622485631192, "mulTransfSite[Donator_I]_v2": -0.0008802366451787974, "mulTransfSite[Donator_Ph]_v2": -0.002346745969124057, "mulTransfSite[Donator_Ul]_v2": 0.000831482646684313, "mulTransfSite[Receptor_Ax]_v2": -0.0009400179922386221, "mulTransfSite[Receptor_Mc]_v2": -0.0028319397263581562, "mulTransfSite[Receptor_Ss]_v2": -0.006394213992754647, "yonInjOrthesisSide_v2": -0.00036586116742515137, "yonPexPainTime1_v2": 0.00010044000352754457}