{"Bpsurgery_time_v2": -0.005272931366989022, "Bpsurgery_yon_type": 0.002078055084056193, "Status_Explor_v1": -0.00020619390186409347, "equInjTbpiAgeClasY_v1": -0.007469097299225394, "lstInjSkuBra_v2": 0.0005956848611020787, "lstInjTpbiSide": 0.007590516510450171, "lstInjUppLimScaGirSide_v2": 0.0004141637583584774, "mulInjTbpiCauseSide[Motorcycle]_v1": 0.0022807648397648044, "mulPexDiagnosis_v1": 0.005201872580502734, "mulTransfSite[Donator_Ac]_v2": 0.012542803283596604, "mulTransfSite[Donator_I]_v2": 0.003932612550503604, "mulTransfSite[Donator_Ph]_v2": 0.0024231122018735216, "mulTransfSite[Donator_Ul]_v2": 0.019901396791267616, "mulTransfSite[Receptor_Ax]_v2": 0.0054548344713531175, "mulTransfSite[Receptor_Mc]_v2": 0.005231733052851752, "mulTransfSite[Receptor_Ss]_v2": 0.000398049266433741, "yonInjOrthesisSide_v2": -0.0002027956497265157}