{"xvalues": [-0.0018077177, -0.0012788104, -0.0011264719, -0.0006696645, -0.0002428525, -0.0001053452, 7.91279e-05, 0.000241322, 0.000474658, 0.0011214998, 0.001929264, 0.0021469164, 0.002553904, 0.0028064361, 0.0030392678, 0.003084746, 0.0032367353, 0.0038060253, 0.0041710671, 0.01059342], "yvalues": [0.6388888888888888, 0.6388888888888888, 0.6527777777777778, 0.625, 0.6111111111111112, 0.625, 0.5972222222222222, 0.6388888888888888, 0.6527777777777778, 0.6388888888888888, 0.6666666666666667, 0.6388888888888888, 0.6527777777777778, 0.6527777777777778, 0.6388888888888888, 0.5833333333333333, 0.6111111111111112, 0.6805555555555556, 0.6111111111111112, 0.6944444444444444], "class_name": "lstPexMuscstrength_ShoulderAbduc", "special": 17}