{"number of trainning instances": 27, "number of selected attributes": 2, "selected attributes": ["Bpsurgery_time_v2", "mulPexDiagnosis_v1"], "class attribute": "lstPexMuscstrength_ElbowFlex", "accuracy (%)": 77.77777777777779, "accuracy standard deviation": 0.4157397096415491, "true positive": 5, "false positive": 1, "true negative": 16, "false negative": 5, "satisfactory recovery - precision": 0.8333333333333334, "satisfactory recovery - recall": 0.5, "satisfactory recovery - specificity": 0.9411764705882353, "satisfactory recovery - f-measure": 0.625, "unsatisfactory recovery - precision": 0.7619047619047619, "unsatisfactory recovery - recall": 0.9411764705882353, "unsatisfactory recovery - specificity": 0.5, "unsatisfactory recovery - f-measure": 0.8421052631578947, "number of initial attributes": 17, "initial attributes, % of missing": {"Bpsurgery_time_v2": 0.0, "Bpsurgery_yon_type": 37.03703703703704, "Status_Explor_v1": 48.148148148148145, "equInjTbpiAgeClasY_v1": 0.0, "lstInjSkuBra_v2": 25.925925925925924, "lstInjTpbiSide": 0.0, "lstInjUppLimScaGirSide_v2": 62.96296296296296, "mulInjTbpiCauseSide[Motorcycle]_v1": 0.0, "mulPexDiagnosis_v1": 3.7037037037037033, "mulTransfSite[Donator_Ac]_v2": 37.03703703703704, "mulTransfSite[Donator_I]_v2": 37.03703703703704, "mulTransfSite[Donator_Ph]_v2": 37.03703703703704, "mulTransfSite[Donator_Ul]_v2": 37.03703703703704, "mulTransfSite[Receptor_Mc]_v2": 37.03703703703704, "mulTransfSite[Receptor_Ss]_v2": 37.03703703703704, "yonInjOrthesisSide_v2": 59.25925925925925, "yonInjPhysio": 62.96296296296296}, "initial attributes, importance": {"Bpsurgery_time_v2": 0.030298492970958532, "Bpsurgery_yon_type": 0.0027628311866353134, "Status_Explor_v1": 0.00035463719078107316, "equInjTbpiAgeClasY_v1": 0.01180910022901626, "lstInjSkuBra_v2": -0.00199589946796061, "lstInjTpbiSide": -0.003248543653462668, "lstInjUppLimScaGirSide_v2": 0.00018232770526756164, "mulInjTbpiCauseSide[Motorcycle]_v1": -0.0015845125347224917, "mulPexDiagnosis_v1": 0.026365886375928852, "mulTransfSite[Donator_Ac]_v2": 0.0021508921560244626, "mulTransfSite[Donator_I]_v2": 0.0047587655041275425, "mulTransfSite[Donator_Ph]_v2": 0.0024931639614036456, "mulTransfSite[Donator_Ul]_v2": 0.011386514862064214, "mulTransfSite[Receptor_Mc]_v2": 0.0018488975071214175, "mulTransfSite[Receptor_Ss]_v2": 0.0024633203977557326, "yonInjOrthesisSide_v2": 0.002906088741099515, "yonInjPhysio": 0.0008936595450403795}}