{"number of trainning instances": 21, "number of selected attributes": 8, "selected attributes": ["Bpsurgery_yon_type", "Status_Explor_v1", "mulInjTbpiCauseSide[Motorcycle]_v1", "mulTransfSite[Donator_Ph]_v2", "mulTransfSite[Donator_Ul]_v2", "mulTransfSite[Receptor_Mc]_v2", "yonInjOrthesisSide_v2", "yonInjPhysio"], "class attribute": "lstPexMuscstrength_ShoulderExrot", "accuracy (%)": 52.38095238095239, "accuracy standard deviation": 0.49943278484292924, "true positive": 0, "false positive": 3, "true negative": 11, "false negative": 7, "satisfactory recovery - precision": 0.0, "satisfactory recovery - recall": 0.0, "satisfactory recovery - specificity": 0.7857142857142857, "satisfactory recovery - f-measure": 0, "unsatisfactory recovery - precision": 0.6111111111111112, "unsatisfactory recovery - recall": 0.7857142857142857, "unsatisfactory recovery - specificity": 0.0, "unsatisfactory recovery - f-measure": 0.6875000000000001, "number of initial attributes": 17, "initial attributes, % of missing": {"Bpsurgery_time_v2": 0.0, "Bpsurgery_yon_type": 33.33333333333333, "Status_Explor_v1": 47.61904761904761, "equInjTbpiAgeClasY_v1": 0.0, "lstInjSkuBra_v2": 23.809523809523807, "lstInjTpbiSide": 0.0, "lstInjUppLimScaGirSide_v2": 57.14285714285714, "mulInjTbpiCauseSide[Motorcycle]_v1": 0.0, "mulPexDiagnosis_v1": 4.761904761904762, "mulTransfSite[Donator_Ac]_v2": 33.33333333333333, "mulTransfSite[Donator_I]_v2": 33.33333333333333, "mulTransfSite[Donator_Ph]_v2": 33.33333333333333, "mulTransfSite[Donator_Ul]_v2": 33.33333333333333, "mulTransfSite[Receptor_Mc]_v2": 33.33333333333333, "mulTransfSite[Receptor_Ss]_v2": 33.33333333333333, "yonInjOrthesisSide_v2": 57.14285714285714, "yonInjPhysio": 61.904761904761905}, "initial attributes, importance": {"Bpsurgery_time_v2": -0.003098212103611025, "Bpsurgery_yon_type": 0.007001520330854467, "Status_Explor_v1": 0.0019873848359579778, "equInjTbpiAgeClasY_v1": -0.006413098332714407, "lstInjSkuBra_v2": -0.002534500205023242, "lstInjTpbiSide": -0.00867554425622812, "lstInjUppLimScaGirSide_v2": -0.00022628399490170003, "mulInjTbpiCauseSide[Motorcycle]_v1": 0.006705071684075882, "mulPexDiagnosis_v1": -0.008753257662904305, "mulTransfSite[Donator_Ac]_v2": 0.000126774645070986, "mulTransfSite[Donator_I]_v2": -0.0013846796778210484, "mulTransfSite[Donator_Ph]_v2": 0.0004963007398520298, "mulTransfSite[Donator_Ul]_v2": 0.0014755842482297187, "mulTransfSite[Receptor_Mc]_v2": 0.0008093365453893348, "mulTransfSite[Receptor_Ss]_v2": -0.0014374500761223418, "yonInjOrthesisSide_v2": 0.0006154605813531171, "yonInjPhysio": 0.0002948054380053695}}