{"xvalues": [-0.0051783452, 8.51044e-05, 0.000364634, 0.0004191244, 0.001235385, 0.0019581285, 0.0027453503, 0.0042340635, 0.0058510205, 0.0064784192, 0.0067318974, 0.0068381532, 0.0074028643, 0.0074135765, 0.0091206781, 0.0181391694, 0.0279472647], "yvalues": [0.6875, 0.6875, 0.65625, 0.71875, 0.75, 0.71875, 0.75, 0.78125, 0.6875, 0.6875, 0.6875, 0.65625, 0.65625, 0.65625, 0.78125, 0.6875, 0.40625], "class_name": "yonPexPain", "special": 6}