{"xvalues": [-0.001415198, -0.0011256399, -0.000640507, -0.0005782858, -0.0003694142, -0.000164867, -3.9802e-06, 5.46104e-05, 0.0001149367, 0.0001245681, 0.0008268935, 0.0011998187, 0.0014254887, 0.0019209495, 0.0020719229, 0.0020903979, 0.0023711501, 0.003646959, 0.0064818594], "yvalues": [0.7014925373134329, 0.7164179104477613, 0.7014925373134329, 0.7164179104477613, 0.6865671641791045, 0.7014925373134329, 0.7164179104477613, 0.7313432835820896, 0.7313432835820896, 0.7313432835820896, 0.7313432835820896, 0.7313432835820896, 0.7014925373134329, 0.7164179104477613, 0.7014925373134329, 0.6865671641791045, 0.7164179104477613, 0.7611940298507462, 0.6268656716417911], "class_name": "yonPexPain", "special": 11}