{"Bpsurgery_time_v2": -0.003162805750375487, "Bpsurgery_yon_type": -0.0014582148650455957, "Status_Explor_v1": 0.0033460893294925665, "equInjTbpiAgeClasY_v1": -0.0039687079195931075, "lstInjSkuBra_v2": -0.0007737401692155904, "lstInjTpbiSide": -0.0033670125286149512, "lstInjUppLimScaGirSide_v2": 0.0007412668744874853, "mulInjTbpiCauseSide[Motorcycle]_v1": 0.0026862334452251203, "mulPexDiagnosis_v1": 0.024432273687385514, "mulTransfSite[Donator_Ac]_v2": -0.0008550793066167011, "mulTransfSite[Donator_I]_v2": 0.0006335235124070829, "mulTransfSite[Donator_Ph]_v2": -0.00139988090570704, "mulTransfSite[Donator_Ul]_v2": 0.0032409288064826525, "mulTransfSite[Receptor_Ax]_v2": 0.000592249446100817, "mulTransfSite[Receptor_Mc]_v2": -0.0008904876242269122, "mulTransfSite[Receptor_Ss]_v2": -0.0020752876060200435, "yonInjOrthesisSide_v2": 0.00024573188549081935, "yonInjPhysio": 0.00027231845833881104, "yonPexPainTime1_v2": 3.0086134950402483e-05}