{"Bpsurgery_time_v2": 0.0056646152276342, "Bpsurgery_yon_type": 0.0032332515347935683, "Status_Explor_v1": 0.001811478859302131, "equInjTbpiAgeClasY_v1": -0.0018355790274561315, "lstInjSkuBra_v2": -0.0008863363410892713, "lstInjTpbiSide": -0.0027271221960380094, "lstInjUppLimScaGirSide_v2": -0.002042735828352884, "mulInjTbpiCauseSide[Motorcycle]_v1": 0.007228235088964502, "mulPexDiagnosis_v1": 0.007475022584582461, "mulTransfSite[Donator_Ac]_v2": 0.0004115697119814563, "mulTransfSite[Donator_I]_v2": -0.0008226628606595429, "mulTransfSite[Donator_Ph]_v2": 0.001214901915235574, "mulTransfSite[Donator_Ul]_v2": 0.002102704369023937, "mulTransfSite[Receptor_Ax]_v2": 0.002650851461094585, "mulTransfSite[Receptor_Mc]_v2": 0.003105612206253068, "mulTransfSite[Receptor_Ss]_v2": -0.0026190650110580454, "yonInjOrthesisSide_v2": -0.0001886155732355942, "yonInjPhysio": -0.000138980938576861, "yonPexPainTime1_v2": -0.00011707335944728083}