{"Bpsurgery_time_v2": 0.002371150192796594, "Bpsurgery_yon_type": 0.00011493679312789322, "Status_Explor_v1": 0.0036469590116261085, "equInjTbpiAgeClasY_v1": 0.00119981878141712, "lstInjSkuBra_v2": 0.002071922906117475, "lstInjTpbiSide": -0.00016486693918131023, "lstInjUppLimScaGirSide_v2": 0.006481859488248073, "mulInjTbpiCauseSide[Motorcycle]_v1": -0.00141519791267022, "mulPexDiagnosis_v1": 0.0020903979513745975, "mulTransfSite[Donator_Ac]_v2": -0.000578285721624314, "mulTransfSite[Donator_I]_v2": 0.0014254887166102832, "mulTransfSite[Donator_Ph]_v2": 0.0001245681696468572, "mulTransfSite[Donator_Ul]_v2": 0.001920949518272193, "mulTransfSite[Receptor_Ax]_v2": 0.0008268935150989268, "mulTransfSite[Receptor_Mc]_v2": -0.0006405069712976668, "mulTransfSite[Receptor_Ss]_v2": -0.0011256398943815821, "yonInjOrthesisSide_v2": 5.461047266078728e-05, "yonInjPhysio": -0.00036941410500758296, "yonPexPainTime1_v2": -3.980155503607484e-06}