{"Bpsurgery_time_v2": 0.00019395837074674444, "Bpsurgery_yon_type": 0.0008487249221311497, "Status_Explor_v1": -0.0013888881174748816, "equInjTbpiAgeClasY_v1": -0.0034785209050588973, "lstInjSkuBra_v2": 0.0019940166292751684, "lstInjTpbiSide": 0.008871966781968195, "lstInjUppLimScaGirSide_v2": -0.0009150921182243888, "mulInjTbpiCauseSide[Motorcycle]_v1": -0.0011359428722243, "mulPexDiagnosis_v1": 0.009625576247589503, "mulTransfSite[Donator_Ac]_v2": 0.00885612834650446, "mulTransfSite[Donator_I]_v2": 0.007420615041761705, "mulTransfSite[Donator_Ph]_v2": 0.0005594096024585964, "mulTransfSite[Donator_Ul]_v2": 0.008419603517667863, "mulTransfSite[Receptor_Ax]_v2": 0.00746089434165439, "mulTransfSite[Receptor_Mc]_v2": 0.00333480233746849, "mulTransfSite[Receptor_Ss]_v2": 7.406221754675665e-05, "yonInjOrthesisSide_v2": -0.00013672448577979292, "yonInjPhysio": -0.00034456347170120657, "yonPexPainTime1_v2": -9.315179650092571e-05}