{"xvalues": [-0.0074690973, -0.0052729314, -0.000206194, -0.0002027957, 0.0003980492, 0.0004141637, 0.0005956848, 0.002078055, 0.0022807648, 0.0024231122, 0.0039326125, 0.0052018725, 0.005231733, 0.0054548344, 0.0075905165, 0.0125428032, 0.0199013967], "yvalues": [0.6097560975609756, 0.6829268292682926, 0.6341463414634146, 0.6585365853658536, 0.6585365853658536, 0.6585365853658536, 0.7560975609756098, 0.7317073170731707, 0.7560975609756098, 0.7560975609756098, 0.7560975609756098, 0.7804878048780488, 0.7804878048780488, 0.7317073170731707, 0.7560975609756098, 0.6829268292682926, 0.7073170731707317], "class_name": "lstPexMuscstrength_ShoulderAbduc", "special": 14}