{"xvalues": [-0.0058289919, -0.0019322722, -0.0002855851, -2.5212e-05, -2.23131e-05, 0.0001713152, 0.000171959, 0.0002008298, 0.0002508058, 0.0003270292, 0.0006180344, 0.0007247442, 0.0013808941, 0.0016344858, 0.001727173, 0.001906982, 0.0041424068, 0.0046918154, 0.0093057327, 0.0298232425], "yvalues": [0.6091954022988506, 0.5747126436781609, 0.5977011494252873, 0.5977011494252873, 0.5977011494252873, 0.6206896551724138, 0.6206896551724138, 0.632183908045977, 0.632183908045977, 0.6206896551724138, 0.6206896551724138, 0.6551724137931034, 0.6091954022988506, 0.5977011494252873, 0.5977011494252873, 0.6091954022988506, 0.6781609195402298, 0.632183908045977, 0.6551724137931034, 0.7126436781609196], "class_name": "lstPexMuscstrength_ElbowFlex", "special": 16}