{"xvalues": [-0.0005747994, -5.5081e-06, 0.002053075, 0.0022136407, 0.0030013777, 0.0036838786, 0.005268265, 0.0077224701, 0.0137220028, 0.0148196836, 0.0196766653, 0.0249027923, 0.0305132306, 0.0306027175, 0.0340466478], "yvalues": [0.9230769230769231, 0.9230769230769231, 0.9230769230769231, 0.9230769230769231, 0.9230769230769231, 0.9230769230769231, 0.9230769230769231, 0.9230769230769231, 0.8461538461538461, 0.8461538461538461, 0.9230769230769231, 0.9230769230769231, 0.8461538461538461, 0.6153846153846154, 0.8461538461538461], "class_name": "lstPexMuscstrength_ElbowFlex", "special": 11}