{"xvalues": [-0.00460476, -0.0021652908, -0.0003063283, -0.0002713573, -0.0001140453, 0.0001875197, 0.0005726068, 0.0035176404, 0.0039124947, 0.0041737105, 0.0071838099, 0.0078154162, 0.0084608567, 0.0111368428, 0.0162222346, 0.0196605928, 0.0213574781], "yvalues": [0.7234042553191489, 0.7234042553191489, 0.7234042553191489, 0.7234042553191489, 0.7872340425531915, 0.7659574468085106, 0.7446808510638299, 0.7446808510638299, 0.7234042553191489, 0.7234042553191489, 0.7446808510638299, 0.7659574468085106, 0.7659574468085106, 0.7872340425531915, 0.8085106382978724, 0.6595744680851063, 0.6808510638297872], "class_name": "lstPexMuscstrength_ElbowFlex", "special": 13}